ID,brand,c__productCategory,manufacturerSKU,name__default,mainImageName(.png),imageSize(pixels)
duravent-directvent-pro-adapter-for-oxford-gas-stove-direct-vent-pipe-for-gas-fireplaces-gas-stoves-,DuraVent,Venting Components,46DVA-ADP,DuraVent DirectVent Pro Adapter for Oxford Gas Stove Direct Vent Pipe For Gas Fireplaces & Gas Stoves | DV-46DVA-ADP |,46dva-adp,1000x1000
duravent-directvent-pro-wall-thimble-direct-vent-pipe-for-gas-fireplaces-gas-stoves-58dva-wtec,Duravent,Venting Components,58dva-wtec,DuraVent DirectVent Pro Wall Thimble Direct Vent Pipe For Gas Fireplaces & Gas Stoves | 58DVA-WTEC |,58dva-wtec,1000x1000
duravent-pellet-vent-pro-4-replacement-gasket-4pvpga,DuraVent,Venting Components,4PVP-GA,"DuraVent Pellet Vent Pro 4"" Diameter Replacement Gasket | 4PVP-GA |",4pvp-ga,1000x1000
duravent-type-b-12-length-round-adjustable-pipe-7gv12a,DuraVent,Venting Components,7GV12A,"DuraVent Type B 12"" Length Round Adjustable Pipe | 7GV12A |",7gv12a,1000x1000
duravent-type-b-45-adjustable-elbow-7gvl45,DuraVent,Venting Components,7GVL45,DuraVent Type B 45 Degree Adjustable Elbow | 7GVL45 |,7gvl45,1000x1000
duravent-type-b-6-dsa-roof-flashing-6gvfdsa,DuraVent,Venting Components,6GVFDSA,"DuraVent Type B 6"" DSA Roof Flashing | 6GVFDSA |",6gvfdsa,1000x1000
duravent-type-b-6-fha-flashing-6gvfha,DuraVent,Venting Components,6GVFHA,"DuraVent Type B 6"" FHA Flashing | 6GVFHA |",6gvfha,1000x1000
duravent-type-b-7-x-3-x-5-doublewall-wye-45-br-7gvy35,DuraVent,Venting Components,7GVY35,"DuraVent Type B 7"" x 3"" x 5"" Double-Wall WYE - 45 Degree Branch | 7GVY35 |",7gvy35,1000x1000
duravent-type-b-90-adjustable-elbow-7gvl90,DuraVent,Venting Components,7GVL90,DuraVent Type B 90 Degree Adjustable Elbow | 7GVL90 |,7gvl90,1000x1000
duravent-type-b-attic-insulation-shield-7-8-7gvis,DuraVent,Venting Components,7GVIS,"DuraVent Type B Attic Insulation Shield 7"" - 8"" | 7GVIS |",7gvis,1000x1000
duravent-type-b-duracap-6gvdc,DuraVent,Venting Components,6GVDC,DuraVent Type B DuraCap | 6GVDC |,6gvdc,1000x1000
duravent-type-b-firestop-spacer-7gvfs,DuraVent,Venting Components,7GVFS,DuraVent Type B Firestop Spacer | 7GVFS |,7gvfs,1000x1000
duravent-type-b-highwind-cap-6gvvth,DuraVent,Venting Components,6GVVTH,DuraVent Type B High-Wind Cap | 6GVVTH |,6gvvth,1000x1000
duravent-type-b-increaser-7-x-8-7gvx8,DuraVent,Venting Components,7GVX8,"DuraVent Type B Increaser 7"" x 8"" | 7GVX8 |",7gvx8,1000x1000
duravent-type-b-increaser-tee-6-x-5-6gvtr5,DuraVent,Venting Components,6GVTR5,"DuraVent Type B Increaser Tee 6"" x 5"" | 6GVTR5 |",6gvtr5,1000x1000
duravent-type-b-round-bucket-support-7-8-7gvrs8,DuraVent,Venting Components,7GVRS8,"DuraVent Type B Round Bucket Support 7"" - 8"" | 7GVRS8 |",7gvrs8,1000x1000
duravent-type-b-square-firestop-support-7gvrs,DuraVent,Venting Components,7GVRS,DuraVent Type B Square Firestop Support | 7GVRS |,7gvrs,1000x1000
duravent-type-b-standard-tee-7gvt,DuraVent,Venting Components,7GVT,DuraVent Type B Standard Tee | 7GVT |,7gvt,1000x1000
duravent-type-b-steep-roof-flashing-6gvfsr,DuraVent,Venting Components,6GVFSR,DuraVent Type B Steep Roof Flashing | 6GVFSR |,6gvfsr,1000x1000
duravent-type-b-storm-collar-7gvsc,DuraVent,Venting Components,7GVSC,DuraVent Type B Storm Collar | 7GVSC |,7gvsc,1000x1000
duravent-type-b-tall-cone-flat-flashing-6gvff,DuraVent,Venting Components,6GVFF,DuraVent Type B Tall Cone Flat Flashing | 6GVFF |,6gvff,1000x1000
duravent-type-b-tee-cap-7gvtc,DuraVent,Venting Components,7GVTC,DuraVent Type B Tee Cap | 7GVTC |,7gvtc,1000x1000
duravent-type-b-universal-bvent-to-aluminum-flex-adapter-7dfaadbv,DuraVent,Venting Components,7DFA-ADBV,DuraVent Type B Universal B-Vent to Aluminum Flex Adapter | 7DFA-ADBV |,7dfa-adbv,1000x1000
duravent-type-b-wall-strap-7gvws,DuraVent,Venting Components,7GVWS,DuraVent Type B Wall Strap | 7GVWS |,7gvws,1000x1000
duravent-type-b-wall-thimble-7gvwt,DuraVent,Venting Components,7GVWT,DuraVent Type B Wall Thimble | 7GVWT |,7gvwt,1000x1000
empire-3-5-inch-brushed-nickel-front-dfq274nb,Napoleon,Decorative Fronts,DFQ274NB,Empire 3.5 Inch Brushed Nickel Front | DFQ274NB |,dfq274nb,1000x1000
empire-boulevard-48-direct-vent-see-thru-linear-gas-fireplace-dvll48sp90,Empire,Gas Fireplaces,DVLL48SP90N,Empire Boulevard 48 Direct-Vent See Thru Linear Gas Fireplace | DVLL48SP90,dvll48sp90n,1000x1000
empire-boulevard-60-direct-vent-linear-gas-fireplace-dvll60bp90,Empire,Gas Fireplaces,DVLL60BP90N,Empire Boulevard 60 Direct-Vent Linear Gas Fireplace | DVLL60BP90,dvll60bp90n,1000x1000
empire-boulevard-72-direct-vent-linear-gas-fireplace-dvll72bp,Empire,Gas Fireplaces,DVLL72BP90N,Empire Boulevard 72 Direct-Vent Linear Gas Fireplace | DVLL72BP,dvll72bp90n,1000x1000
empire-forest-hills-27-portrait-style-contemporary-direct-vent-gas-fireplace-dvll27,Empire,Gas Fireplaces,DVLL27FP92N,Empire Forest Hills 27 Portrait Style Contemporary Direct-Vent Gas Fireplace | DVLL27,dvll27fp92n,1000x1000
empire-innsbrook-large-clean-face-direct-vent-gas-insert-dvc28in,Empire,Gas Inserts,DVC28IN31N,EMPIRE INNSBROOK LARGE CLEAN FACE Direct-Vent GAS INSERT DVC28IN,dvc28in31n,1000x1000
empire-innsbrook-small-clean-face-direct-vent-gas-insert-dvc20in,Empire,Gas Inserts,DVC20IN31N,Empire Innsbrook Small Clean Face Direct-Vent Gas Insert | DVC20IN,dvc20in31n,1000x1000
empire-innsbrook-medium-clean-face-direct-vent-gas-insert-dvc26in,Empire,Gas Inserts,DVC26IN31N,Empire Innsbrook Medium Clean Face Direct-Vent Gas Insert | DVC26IN,dvc26in31n,1000x1000
empire-loft-medium-direct-vent-gas-insert-dvl33in,Empire,Gas Inserts,DVL33IN32N,Empire Loft Medium Direct-Vent Gas Insert | DVL33IN,dvl33in32n,1000x1000
empire-pearl-stove-inlays-csi15p,Empire,Stove Inlays,CSI15P,Empire Pearl Stove Inlays | CSI15P |,csi15p,1000x1000
empire-rushmore-30-direct-vent-gas-insert-dvct30cbn95,Empire,Gas Inserts,DVCT30CBN95N,Empire Rushmore 30 Direct-Vent Gas Insert | DVCT30CBN95,dvct30cbn95n,1000x1000
empire-rushmore-35-direct-vent-gas-insert-dvct35cbn95,Empire,Gas Inserts,DVCT35CBN95N,Empire Rushmore 35 Direct-Vent Gas Insert | DVCT35CBN95,dvct35cbn95n,1000x1000
empire-tahoe-luxury-36-direct-vent-gas-fireplace-dvx36fp,Empire,Gas Fireplaces,DVX36FP31LN,Empire Tahoe Luxury 36 Direct-Vent Gas Fireplace | DVX36FP,dvx36fp31ln,1000x1000
empire-tahoe-luxury-42-direct-vent-gas-fireplace-dvx42fp,Empire,Gas Fireplaces,DVX42FP31LN,Empire Tahoe Luxury 42 Direct-Vent Gas Fireplace | DVX42FP,dvx42fp31ln,1000x1000
majestic-18-campfire-fiber-gas-log-set-propane-gas-cfl-18lp-c,Majestic,Gas Log Sets,CFL-18LP-C,"Majestic 18"" Campfire Fiber Gas Log Set (Propane Gas) | CFL-18LP-C |",cfl-18lp-c,1000x1000
majestic-18-campfire-fiber-gas-log-set-natural-gas-cfl-18ng-c,Majestic,Gas Log Sets,CFL-18NG-C,"Majestic 18"" Campfire Fiber Gas Log Set (Natural Gas) | CFL-18NG-C |",cfl-18ng-c,1000x1000
majestic-18-fireside-supreme-oak-gas-log-set-for-See-Thru-fireplace-stfso18,Majestic,Media Kits,STFSO18,,stfso18,1000x1000
majestic-18-fireside-realwood-refractory-cement-log-set-frw118,Majestic,Media Kits,FRW118,"Majestic 18"" Fireside Realwood Refractory Cement Log Set | FRW118 |",frw118,1000x1000
majestic-18-fireside-versawood-refractory-cement-log-set-fvw18,Majestic,Media Kits,FVW18,"Majestic 18"" Fireside Versawood Refractory Cement Log Set | FVW18 |",fvw18,1000x1000
majestic-24-campfire-fiber-gas-log-set-natural-gas-cfl-24ng-c,Majestic,Gas Log Sets,CFL-24NG-C,"Majestic 24"" Campfire Fiber Gas Log Set (Natural Gas) | CFL-24NG-C |",cfl-24ng-c,1000x1000
majestic-24-campfire-fiber-gas-log-set-propane-gas-cfl-24lp-c,Majestic,Gas Log Sets,CFL-24LP-C,"Majestic 24"" Campfire Fiber Gas Log Set (Propane Gas) | CFL-24LP-C |",cfl-24lp-c,1000x1000
majestic-24-campfire-fiber-gas-log-set-with-ipi-ignition-natural-gas-cfl-24ng-ipi,Majestic,Gas Log Sets,CFL-24NG-IPI,"Majestic 24"" Campfire Fiber Gas Log Set with IPI Ignition (Natural Gas) | CFL-24NG-IPI |",cfl-24ng-ipi,1000x1000
majestic-24-campfire-fiber-gas-log-set-with-ipi-ignition-propane-gas-cfl-24lp-ipi,Majestic,Gas Log Sets,CFL-24LP-IPI,"Majestic 24"" Campfire Fiber Gas Log Set with IPI Ignition (Propane Gas) | CFL-24LP-IPI |",cfl-24lp-ipi,1000x1000
majestic-24-fireside-supreme-oak-gas-log-set-for-See-Thru-fireplace-stfso24,Majestic,Media Kits,STFSO24,,stfso24,1000x1000
majestic-24-fireside-supreme-oak-refractory-cement-log-set-fso24,Majestic,Media Kits,FSO24,"Majestic 24"" Fireside Supreme Oak Refractory Cement Log Set | FSO24 |",fso24,1000x1000
majestic-24-fireside-realwood-refractory-cement-log-set-frw124,Majestic,Media Kits,FRW124,"Majestic 24"" Fireside Realwood Refractory Cement Log Set | FRW124 |",frw124,1000x1000
majestic-24-fireside-versawood-refractory-cement-log-set-fvw24,Majestic,Media Kits,FVW24,"Majestic 24"" Fireside Versawood Refractory Cement Log Set | FVW24 |",fvw24,1000x1000
majestic-30-campfire-fiber-gas-log-set-natural-gas-cfl-30ng-c,Majestic,Gas Log Sets,CFL-30NG-C,"Majestic 30"" Campfire Fiber Gas Log Set (Natural Gas) | CFL-30NG-C |",cfl-30ng-c,1000x1000
majestic-30-campfire-fiber-gas-log-set-propane-gas-cfl-30lp-c,Majestic,Gas Log Sets,CFL-30LP-C,"Majestic 30"" Campfire Fiber Gas Log Set (Propane Gas) | CFL-30LP-C |",cfl-30lp-c,1000x1000
majestic-ashland-50-radiant-wood-burning-fireplace-ash50,Majestic,Wood Fireplaces,ASH50,Majestic Ashland 50 Radiant Wood Burning Fireplace | ASH50 |,ash50,1000x1000
majestic-courtyard-36-outdoor-traditional-fireplace-odcoug-36,Majestic,Outdoor Gas Fireplaces,ODCOUG-36,Majestic Courtyard 36 Traditional Outdoor Gas Fireplace | ODCOUG-36,odcoug-36,1000x1000
majestic-courtyard-42-high-definition-log-set-with-grate-hdlogs-odcoug-gr-odcoug,Majestic,Media Kits,"HDLOGS-ODCOUG, GR-ODCOUG","Majestic Courtyard 42"" High Definition Log Set with Grate | HDLOGS-ODCOUG/GR-ODCOUG |","hdlogs-odcoug, gr-odcoug",1000x1000
majestic-courtyard-42-outdoor-traditional-fireplace-odcoug-42,Majestic,Outdoor Gas Fireplaces,ODCOUG-42,Majestic Courtyard 42 Traditional Outdoor Gas Fireplace | ODCOUG-42,odcoug-42,1000x1000
majestic-courtyard-42-standard-log-set-with-grate-sdlogs-odcoug,Majestic,Media Kits,"SDLOGS-ODCOUG, GR-ODCOUG","Majestic Courtyard 42"" Standard Log Set with Grate | SDLOGS-ODCOUG |","sdlogs-odcoug, gr-odcoug",1000x1000
majestic-duzy-3-logs-vdy24-18d3r-6-piece-refractory-cement-log-set-for-vdy24-18-18-rear-log-for-narr,Majestic,Gas Log Sets,VDY24/18D3R,Majestic 6-piece Refractory Cement Log Set with Burner | VDY24/18D3R |,vdy24/18d3r,1000x1000
majestic-duzy-2-logs-vdy30d2a-4-piece-fiber-ceramic-log-set-for-vdy30,Majestic,Gas Log Sets,VDY30D2A,Majestic 4-piece Fiber Ceramic Log Set with Burner | VDY30D2A |,vdy30d2a,1000x1000
majestic-duzy-3-logs-vdy30d3r-6-piece-refractory-cement-log-set-for-vdy30,Majestic,Gas Log Sets,VDY30D3R,Majestic 6-piece Refractory Cement Log Set with Burner | VDY30D3R |,vdy30d3r,1000x1000
majestic-heat-zone-top-adapter-kit-heat-zone-top,Majestic,Heat Distribution,MHS HEAT-ZONE-TOP,Majestic Heat Zone Top Adapter Kit | Heat-Zone-Top |,mhs heat-zone-top,1000x1000
majestic-jasper-30-direct-vent-gas-insert-jasper30in,Majestic,Gas Inserts,JASPER30IN,Majestic Jasper 30 Direct-Vent Gas Insert | JASPER30IN,jasper30in,1000x1000
majestic-ruby-25-direct-vent-gas-insert-ruby25,Majestic,Gas Inserts,RUBY25IN,Majestic Ruby 25 Direct-Vent Gas Insert | RUBY25,ruby25in,1000x1000
majestic-ruby-30-direct-vent-gas-insert-ruby30,Majestic,Gas Inserts,RUBY30IN,Majestic Ruby 30 Direct-Vent Gas Insert | RUBY30,ruby30in,1000x1000
majestic-ruby-35-direct-vent-gas-insert-ruby35,Majestic,Gas Inserts,RUBY35IN,Majestic Ruby 35 Direct-Vent Gas Insert | RUBY35,ruby35in,1000x1000
majestic-sl1100-7-12-to-12-12-pitch-roof-flashing-rf571,Majestic,Venting Components,rf571,Majestic SL1100 7/12 to 12/12 Pitch Roof Flashing | RF571 |,rf571,1000x1000
majestic-twighlight-ii-indoor-outdoor-see-thru-gas-fireplace-twighlight-ii-c,Majestic,Gas Fireplaces,TWILIGHT-II-C,Majestic Twilight II Indoor Outdoor See Thru Gas Fireplace | TWILIGHT-II-C |,twilight-ii-c,1000x1000
majestic-twilight-ii-modern-indoor-outdoor-See-Thru-gas-fireplace-twilight-ii-mdc,Majestic,Gas Fireplaces,TWILIGHT-II-MDC,,twilight-ii-mdc,1000x1000
majestic-vdy24-18d5-8-piece-fiber-ceramic-log-set,Majestic,Gas Log Sets,VDY24/18D5,Majestic Vdy24 18D5 8 Piece Fiber Ceramic Log Set,vdy24/18d5,1000x1000
majestic-vdy24-18d2a-4-piece-fiber-ceramic-log-set,Majestic,Media Kits,VDY24/18D2A,Majestic Vdy24 18D2A 4 Piece Fiber Ceramic Log Set,vdy24/18d2a,1000x1000
majestic-vdy30d5-8-piece-fiber-ceramic-log-set,Majestic,Gas Log Sets,VDY30D5,Majestic Vdy30D5 8 Piece Fiber Ceramic Log Set,vdy30d5,1000x1000
majestic-warmmajic-ii-wood-fireplace-warmmajic-ii,Majestic,Wood Fireplaces,WARMMAJIC-II,Majestic WarmMajic-II Wood Fireplace | WARMMAJIC-II |,warmmajic-ii,1000x1000
modern-flames-landscape-6616-pro-multi-sided-electric-fireplace-lpm-6616,Modern Flames,Electric Fireplaces,LPM-6616,Modern Flames Landscape Pro 6616 Multi-Sided Electric Fireplace | LPM-6616 |,lpm-6616,1000x1000
modern-flames-landscape-7816-pro-multi-sided-electric-fireplace-lpm-7816,Modern Flames,Electric Fireplaces,LPM-7816,Modern Flames Landscape Pro 7816 Multi-Sided Electric Fireplace | LPM-7816 |,lpm-7816,1000x1000
monessen-4x7-to-simpson-duravent-4x6-5-8-adaptor-46dva-adm,Majestic,Venting Components,46DVA-ADM,Monessen 4x7 to Simpson Duravent 4x6-5/8 Adaptor | 46DVA-ADM |,46dva-adm,1000x1000
monessen-aria-32-vent-free-gas-fireplace-vff32,Monessen,Gas Fireplaces,VFF32LNI,Monessen Aria 32 Vent Free Gas Fireplace | VFF32,vff32lni,1000x1000
monessen-aria-36-vent-free-gas-fireplace-vff36,Monessen,Gas Fireplaces,VFF36LNI,Monessen Aria 36 Vent Free Gas Fireplace | VFF36,vff36lni,1000x1000
monessen-artisan-avflst42-42-indoor-outdoor-vent-free-see-through-linear-gas-fireplace,Monessen,Gas Fireplaces,AVFLST42NTSC,Monessen Artisan 42 Ventless Indoor/Outdoor See Thru Gas Fireplace | AVFLST42,avflst42ntsc,1000x1000
monessen-solstice-vent-free-traditional-insert-gas-fireplace-vfi33l,Monessen,Gas Inserts,VFI33LNI,Monessen Solstice Vent- Free Traditional Gas Insert | VFI33L,vfi33lni,1000x1000
monessen-symphony-vent-free-traditional-fireplace-vfc24,Monessen,Gas Fireplaces,VFC24LNI,Monessen Symphony Vent-Free Traditional Fireplace | VFC24,vfc24lni,1000x1000
monessen-symphony-vent-free-traditional-gas-fireplace-vfc32,Monessen,Gas Fireplaces,VFC32LNI,Monessen Symphony Vent-Free Traditional Gas Fireplace | VFC32,vfc32lni,1000x1000
monessen-warming-shelf-classic-black-0002702,Monessen,Stove Shelf Kits,2702,Monessen Warming Shelf - Classic Black | 0002702 |,2702,1000x1000
napoleon-1100c-banff-cast-iron-wood-stove,Napoleon,Wood Stoves,1100CP-1,Napoleon Banff Small Cast Iron Wood Stove | 1100 |,1100cp-1,1000x1000
napoleon-115kt-outside-air-kit-4-feet-insulated-flexpipe-with-through-the-wall-vent,Napoleon,Heat Distribution,115KT,Napoleon Outside Air Kit - 4 Feet Insulated Flexpipe with Through the Wall Vent | 115KT |,115kt,1000x1000
napoleon-1400-banff-cast-iron-wood-stove,Napoleon,Wood Stoves,1400CP,Napoleon Banff Medium Cast Iron Wood Stove | 1400 |,1400cp,1000x1000
napoleon-1450m-independence-metallic-black-medium-wood-stove,Napoleon,Wood Stoves,1450M,Napoleon Independence Metallic Black Medium Wood Stove | 1450M |,1450m,1000x1000
napoleon-1400-huntsville-deluxe-1400m-metallic-black-medium-wood-stove,Napoleon,Wood Stoves,1400M,Napoleon Huntsville Pedestal Medium Wood Stove | 1400M |,1400m,1000x1000
napoleon-30f-black-eritage-decorative-front,Napoleon,Decorative Fronts,30F,Napoleon Black Heritage Decorative Front | 30F |,30f,1000x1000
napoleon-222-g-gold-plated-24-karat-cast-iron-door-with-standard-arch,Napoleon,Stove Doors,222-G,Napoleon Gold Plated (24 Karat) Cast Iron Door with Standard Arch | 222-G |,222-g,1000x1000
napoleon-222-gw-gold-plated-24-karat-cast-iron-door-with-early-american-webbed-arch,Napoleon,Stove Doors,222-GW,Napoleon Gold Plated (24 Karat) Cast Iron Door with Early American webbed arch | 222-GW |,222-gw,1000x1000
napoleon-32-nefl32fh-32-wall-mounted-electric-fireplace,Napoleon,Electric Fireplaces,NEFL32FH,Napoleon Allure 32 inch Wall Mounted Electric Fireplace | NEFL32FH |,nefl32fh,1000x1000
napoleon-42f-black-eritage-decorative-front,Napoleon,Decorative Fronts,42F,Napoleon Black Heritage Decorative Front | 42F |,42f,1000x1000
napoleon-42f-black-heritage-decorative-front,,Decorative Fronts,42F,,42f,1000x1000
napoleon-46f-black-eritage-decorative-front,Napoleon,Decorative Fronts,46F,Napoleon Black Heritage Decorative Front | 46F |,46f,1000x1000
napoleon-62140-heat-resistant-gloves,Napoleon,Tools and Supplies,62140,Napoleon Heat Resistant Gloves | 62140 |,62140,1000x1000
napoleon-accent-light-for-lv50-w405-0049-ser,Napoleon,Light Kits,W405-0049-SER,Napoleon Accent Light for Vector Series | W405-0049-SER |,w405-0049-ser,1000x1000
napoleon-acies-series-5x8-direct-vent-fireplace-venting-component-top-vent-kit-with-round-horizontal,Napoleon,Venting Components,"GD422R-2, GD420",Napoleon Freedom Flex 5x8 Wolf Steel Vent Kit | GD422R-2 & GD420 |,"gd422r-2, gd420",1000x1000
napoleon-acs-1-anti-condensation-switch,Napoleon,Remote Controls,ACS-1,Napoleon Anti-Condensation Switch | ACS-1 |,acs-1,1000x1000
napoleon-adaptor-kit-ak-1m,Napoleon,Decorative Fronts,AK-1M,Napoleon Adaptor Kit | AK-1M |,ak-1m,1000x1000
napoleon-adaptor-kit-ak-2m,Napoleon,Decorative Fronts,AK-2M,Napoleon Adaptor Kit | AK-2M |,ak-2m,1000x1000
napoleon-air-circulation-vent-and-collar-ga65,Napoleon,Heat Distribution,GA65,Napoleon Air Circulation Vent and Collar | GA65 |,ga65,1000x1000
napoleon-air-cooled-chimney-kit-nzac8kt,Napoleon,Heat Distribution,NZAC8KT,Napoleon Air Cooled Chimney Kit | NZAC8KT |,nzac8kt,1000x1000
napoleon-alluravision-100-inch-deep-wall-mounted-electric-fireplace-nefl100chd,Napoleon,Electric Fireplaces,NEFL100CHD,Napoleon AlluraVision 100 inch Deep Wall Mounted Electric Fireplace | NEFL100CHD |,nefl100chd,1000x1000
napoleon-alluravision-32-inch-slimline-wall-mounted-electric-fireplace-nefl32chs,Napoleon,Electric Fireplaces,NEFL32CHS,Napoleon AlluraVision 32 inch Slimline Wall Mounted Electric Fireplace | NEFL32CHS |,nefl32chs,1000x1000
napoleon-alluravision-42-inch-slimline-wall-mounted-electric-fireplace-nefl42chs,Napoleon,Electric Fireplaces,NEFL42CHS,Napoleon AlluraVision 42 inch Slimline Wall Mounted Electric Fireplace | NEFL42CHS |,nefl42chs,1000x1000
napoleon-alluravision-42-inch-deep-wall-mounted-electric-fireplace-nefl42chd,Napoleon,Electric Fireplaces,NEFL42CHD,Napoleon AlluraVision 42 inch Deep Wall Mounted Electric Fireplace | NEFL42CHD |,nefl42chd,1000x1000
napoleon-alluravision-50-inch-deep-wall-mounted-electric-fireplace-nefl50chd,Napoleon,Electric Fireplaces,NEFL50CHD,Napoleon AlluraVision 50 inch Deep Wall Mounted Electric Fireplace | NEFL50CHD |,nefl50chd,1000x1000
napoleon-alluravision-50-inch-slimline-wall-mounted-electric-fireplace-nefl50chs,Napoleon,Electric Fireplaces,NEFL50CHS,Napoleon AlluraVision 50 inch Slimline Wall Mounted Electric Fireplace | NEFL50CHS |,nefl50chs,1000x1000
napoleon-alluravision-60-inch-deep-wall-mounted-electric-fireplace-nefl60chd,Napoleon,Electric Fireplaces,NEFL60CHD,Napoleon AlluraVision 60 Inch Deep Wall Mounted Electric Fireplace | NEFL60CHD |,nefl60chd,1000x1000
napoleon-alluravision-60-inch-slimline-wall-mounted-electric-fireplace-nefl60chs,Napoleon,Electric Fireplaces,NEFL60CHS,Napoleon AlluraVision 60 inch Slimline Wall Mounted Electric Fireplace | NEFL60CHS |,nefl60chs,1000x1000
napoleon-alluravision-74-inch-deep-wall-mounted-electric-fireplace-nefl74chd,Napoleon,Electric Fireplaces,NEFL74CHD,Napoleon AlluraVision 74 inch Deep Wall Mounted Electric Fireplace | NEFL74CHD |,nefl74chd,1000x1000
napoleon-alluravision-74-inch-slimline-wall-mounted-electric-fireplace-nefl74chs,Napoleon,Electric Fireplaces,NEFL74CHS,Napoleon AlluraVision 74 inch Slimline Wall Mounted Electric Fireplace | NEFL74CHS |,nefl74chs,1000x1000
napoleon-alluravision-slim-electric-fireplace-remote-control-w660-0211,Napoleon,Remote Controls,W660-0211-SER,Napoleon Alluravision Slim Electric Fireplace Remote Control | W660-0211 |,w660-0211-ser,1000x1000
napoleon-allure-50-nefl50fh-50-wall-mounted-electric-fireplace,Napoleon,Electric Fireplaces,NEFL50FH,Napoleon Allure 50 inch Wall Mounted Electric Fireplace | NEFL50FH |,nefl50fh,1000x1000
napoleon-anchor-plate-for-packed-chimney-ap8,Napoleon,Heat Distribution,AP8,Napoleon Anchor Plate for Packed Chimney | AP8 |,ap8,1000x1000
napoleon-ani-g-gold-plated-24-karat-traditional-andirons,Napoleon,Media Kits,ANI-G,Napoleon Gold Plated (24 Karat) Traditional Andirons | ANI-G |,ani-g,1000x1000
napoleon-allure-electric-fireplace-remote-control-w190-0095,Napoleon,Remote Controls,W190-0095,Napoleon Allure Electric Fireplace Remote Control | W190-0095 |,w190-0095,1000x1000
napoleon-ani-o-painted-black-obelisk-andirons,Napoleon,Media Kits,ANI-O,Napoleon Painted Black Obelisk Andirons | ANI-O |,ani-o,1000x1000
napoleon-ar28g-gold-plated-24-karat-accent-bar,Napoleon,Front Accents,AR28G,Napoleon Gold Plated (24 Karat) Accent Bar | AR28G |,ar28g,1000x1000
napoleon-ar50g-gold-plated-24-karat-accent-bar,Napoleon,Front Accents,AR50G,Napoleon Gold Plated (24 Karat) Accent Bar | AR50G |,ar50g,1000x1000
napoleon-as35wi-arched-wrought-iron-decorative-surround,Napoleon,Decorative Surrounds,AS35WI,Napoleon Arched Wrought Iron Decorative Surround | AS35WI |,as35wi,1000x1000
napoleon-as52wi-arched-wrought-iron-decorative-surround,Napoleon,Decorative Surrounds,AS52WI,Napoleon Arched Wrought Iron Decorative Surround | AS52WI |,as52wi,1000x1000
napoleon-ascent-30-direct-vent-gas-fireplace-b30,Napoleon,Gas Fireplaces,B30NTRE-1,Napoleon Ascent 30 Direct-Vent Gas Fireplace | B30,b30ntre-1,1000x1000
napoleon-ascent-b42-direct-vent-gas-fireplace,Napoleon,Gas Fireplaces,B42NTRE,Napoleon Ascent B42 Direct-Vent Gas Fireplace | B42,b42ntre,1000x1000
napoleon-ascent-36-b36-direct-vent-gas-fireplace,Napoleon,Gas Fireplaces,B36NTRE-1,Napoleon Ascent B36 Direct-Vent Gas Fireplace | B36,b36ntre-1,1000x1000
napoleon-ascent-b46-direct-vent-gas-fireplace,Napoleon,Gas Fireplaces,B46NTRE,Napoleon Ascent B46 Direct-Vent Gas Fireplace | B46,b46ntre,1000x1000
napoleon-ascent-gx36-direct-vent-gas-fireplace,Napoleon,Gas Fireplaces,GX36NTRE-1,Napoleon Ascent X 36 Direct-Vent Gas Fireplace | GX36,gx36ntre-1,1000x1000
napoleon-ascent-x-42-direct-vent-gas-fireplace-gx42,Napoleon,Gas Fireplaces,GX42NTRE,Napoleon Ascent X 42 Direct-Vent Gas Fireplace | GX42,gx42ntre,1000x1000
napoleon-azure-42-efl42-wall-anging-electric-fireplace,Napoleon,Electric Fireplaces,EFL42,Napoleon Azure 42 Wall Hanging Electric Fireplace | EFL42 |,efl42,1000x1000
napoleon-azure-42-s-efl42s-wall-anging-electric-fireplace,Napoleon,Electric Fireplaces,EFL42S,Napoleon Azure 42 S Wall Hanging Electric Fireplace | EFL42S |,efl42s,1000x1000
napoleon-azure-electric-fireplace-remote-control-w190-0051,Napoleon,Remote Controls,W190-0051,Napoleon Azure Electric Fireplace Remote Control | W190-0051 |,w190-0051,1000x1000
napoleon-azure-50-efl50-50-wall-anging-electric-fireplace,Napoleon,Electric Fireplaces,EFL50,Napoleon Azure 50 Wall Hanging Electric Fireplace | EFL50 |,efl50,1000x1000
napoleon-azure-vertical-38-nefv38-wall-anging-electric-fireplace,Napoleon,Electric Fireplaces,NEFV38,Napoleon Azure Vertical 38 Wall Hanging Electric Fireplace | NEFV38 |,nefv38,1000x1000
napoleon-b81ns-river-rock-stone-configuration-burner-assembly,Napoleon,Burner Assemblies,B81NS,Napoleon River Rock/Stone Configuration Burner Assembly | B81NS |,b81ns,1000x1000
napoleon-beach-fire-kit-and-chrome-media-tray-dle-rak35-40,Napoleon,Media Kits,"DLE, RAK35/40",Napoleon Beach Fire Kit and Chrome Media Tray | DLE RAK35/40 |,"dle, rak35/40",1000x1000
napoleon-bfkl-beach-fire-kit,Napoleon,Media Kits,BFKL,Napoleon Beach Fire Kit | BFKL |,bfkl,1000x1000
napoleon-bl46-safety-screen-replacement-w565-0274,Napoleon,Parts,W565-0274-SER,Napoleon BL46 Safety Screen Replacement | W565-0274 |,w565-0274-ser,1000x1000
napoleon-black-ash-drawer-kit-epadktm,Napoleon,Decorative Fronts,EPAD-KTM,Napoleon Black Ash Drawer Kit | EPAD-KTM |,epad-ktm,1000x1000
napoleon-black-air-circulation-chamber-louvres-eplm,Napoleon,Heat Distribution,EPLM,Napoleon Black Air Circulation Chamber Louvres | EPLM |,eplm,1000x1000
napoleon-black-bevelled-trim-btax36bk,Napoleon,Trim Kits,BTAX36BK,Napoleon Black Bevelled Trim | BTAX36BK |,btax36bk,1000x1000
napoleon-blower-kit-with-variable-speed-and-thermostatic-control-ep65m,Napoleon,Blowers,EP65M,Napoleon Blower Kit with Variable Speed and Thermostatic Control | EP65M |,ep65m,1000x1000
napoleon-bm6745-7-45-degree-elbow,Napoleon,Heat Distribution,BM6745,"Napoleon 7"" - 45 Degree Elbow | BM6745 |",bm6745,1000x1000
napoleon-bm6790-7-90-degree-elbow,Napoleon,Heat Distribution,BM6790,"Napoleon 7"" - 90 degree elbow | BM6790 |",bm6790,1000x1000
napoleon-bracket-n080-0274,Napoleon,Parts,N080-0274,Napoleon Bracket | N080-0274 |,n080-0274,1000x1000
napoleon-brtc7-7-brass-trim-collar,Napoleon,Venting Components,BRTC7,"Napoleon 7"" Brass trim collar | BRTC7 |",brtc7,1000x1000
napoleon-brushed-stainless-steel-door-accent-trim-dts4-ss,Napoleon,Trim Kits,DTS4-SS,Napoleon Brushed Stainless Steel Door Accent Trim | DTS4-SS |,dts4-ss,1000x1000
napoleon-brushed-stainless-surround-fpzc-bnsb,Napoleon,Decorative Surrounds,FPZC-BNSB,Napoleon Brushed Stainless Surround | FPZC-BNSB |,fpzc-bnsb,1000x1000
napoleon-burner-assembly-with-oak-log-set,Napoleon,Burner Assemblies,B35NTL,Napoleon Burner Assembly with Oak Log Set | B35NTL |,b35ntl,1000x1000
napoleon-burner-assembly-with-oak-log-set-for-propane-gas-b35ptl,Napoleon,Burner Assemblies,B35PTL,Napoleon Burner Assembly with Oak Log Set for Propane Gas | B35PTL |,b35ptl,1000x1000
napoleon-cft36cv-satin-chrome-lower-trim-for-convex-surround,Napoleon,Trim Kits,CFT36CV,Napoleon Satin Chrome Lower Trim for Convex Surround | CFT36CV |,cft36cv,1000x1000
napoleon-classic-black-premium-safety-barrier-f35k,Napoleon,Safety Barriers,F35K,Napoleon Classic Black Premium Safety Barrier | F35K |,f35k,1000x1000
napoleon-clearion-50-inch-see-thru-in-wall-electric-fireplace-nefbd50h,Napoleon,Electric Fireplaces,NEFBD50H,Napoleon CLEARion 50 Inch See Through Electric Fireplace | NEFBD50H |,nefbd50h,1000x1000
napoleon-clearion-electric-fireplace-remote-control-w190-0128,Napoleon,Remote Controls,W190-0128,Napoleon Clearion Electric Fireplace Remote Control | W190-0128 |,w190-0128,1000x1000
napoleon-clearion-stainless-steel-50-inch-see-thru-in-wall-electric-fireplace-nefbd50h-ss,Napoleon,Electric Fireplaces,NEFBD50H-SS,Napoleon CLEARion Stainless Steel 50 inch See-Thru In-Wall Electric Fireplace | NEFBD50H-SS |,nefbd50h-ss,1000x1000
napoleon-clearion-trim-kit-for-2x4-walls-stainless-steel-nefbd50h-ss-dtrm,Napoleon,Trim Kits,NEFBD50H-SS-DTRM,Napoleon Clearion Trim Kit for 2x4 walls Stainless Steel | NEFBD50H-SS-DTRM |,nefbd50h-ss-dtrm,1000x1000
napoleon-clearion-trim-kit-for-2x4-walls-painted-black-nefbd50h-dtrm,Napoleon,Trim Kits,NEFBD50H-DTRM,Napoleon Clearion Trim Kit for 2x4 walls Painted Black | NEFBD50H-DTRM |,nefbd50h-dtrm,1000x1000
napoleon-cookmate-top-heating-plate-cm30,Napoleon,Heat Distribution,CM30,Napoleon COOKMATE Top Heating Plate | CM30 |,cm30,1000x1000
napoleon-decorative-brick-panels-antique-white-ledgerock-gd866kt,Napoleon,Interior Panels,GD866KT,Napoleon Decorative Brick Panels Antique White Ledgerock | GD866KT |,gd866kt,1000x1000
napoleon-decorative-brick-panels-custom-blend-ledgerock-gd867kt,Napoleon,Interior Panels,GD867KT,Napoleon Decorative Brick Panels Custom Blend Ledgerock | GD867KT |,gd867kt,1000x1000
napoleon-decorative-brick-panels-newport-gd864kt,Napoleon,Interior Panels,GD864KT,Napoleon Decorative Brick Panels Newport | GD864KT |,gd864kt,1000x1000
napoleon-del-beach-fire-kit,Napoleon,Media Kits,"DLE, W655-0610K","Napoleon DLE Beach Fire Kit with Support Bracket | DLE, W655-0610K |","dle, w655-0610k",1000x1000
napoleon-deluxe-gloss-white-surround-with-safety-barrier-lds45wsb,Napoleon,Decorative Surrounds,LDS45WSB,Napoleon Deluxe Gloss White Surround with Safety Barrier | LDS45WSB |,lds45wsb,1000x1000
napoleon-dl62-rock-and-driftwood-set,Napoleon,Media Kits,DL62,Napoleon Rock and Driftwood Set | DL62 |,dl62,1000x1000
napoleon-dle-beach-fire-kit,Napoleon,Media Kits,DLE,Napoleon Beach Fire Kit | DLE |,dle,1000x1000
napoleon-driftwood-log-and-rock-set-dlr35,Napoleon,Media Kits,DLR35,Napoleon Driftwood Log and Rock Set | DLR35 |,dlr35,1000x1000
napoleon-dynamic-heat-control-dhcex,Napoleon,Heat Distribution,DHCEX,Napoleon Dynamic Heat Control | DHCEX |,dhcex,1000x1000
napoleon-dynamic-heat-control-linear-dhcl1,Napoleon,Heat Distribution,DHCL1,Napoleon Dynamic Heat Control Linear | DHCL1 |,dhcl1,1000x1000
napoleon-dynamic-heat-control-linear-trim-kit-dltl,Napoleon,Heat Distribution,DLTL,Napoleon Dynamic Heat Control Linear Trim Kit | DLTL |,dltl,1000x1000
napoleon-dynamic-heat-control-plus-blower-kit-dhcpbk,Napoleon,Heat Distribution,DHCP-BK,Napoleon Dynamic Heat Control Plus Blower Kit | DHCP-BK |,dhcp-bk,1000x1000
napoleon-dynamic-heat-control-plus-exterior-mounting-kit-dhcpek,Napoleon,Air Kits,DHCP-EK,Napoleon Dynamic Heat Control Plus Exterior Mounting Kit | DHCP-EK |,dhcp-ek,1000x1000
napoleon-dynamic-heat-control-linear-trim-kit-dltm,Napoleon,Heat Distribution,DLTM,Napoleon Dynamic Heat Control Linear Trim Kit | DLTM |,dltm,1000x1000
napoleon-dynamic-heat-control-plus-hot-air-grill-kit-dhcphk,Napoleon,Heat Distribution,DHCP-HK,Napoleon Dynamic Heat Control Plus Hot Air Grill Kit | DHCP-HK |,dhcp-hk,1000x1000
napoleon-dynamic-heat-control-linear-62-74-dhcl2,Napoleon,Heat Distribution,DHCL2,Napoleon Dynamic Heat Control Linear 62/74 | DHCL2 |,dhcl2,1000x1000
napoleon-ep36-black-thermostatic-sensor-control,Napoleon,Heat Distribution,EP36,Napoleon Black Thermostatic Sensor Control | EP36 |,ep36,1000x1000
napoleon-ep62m-blower-kit-with-variable-speed,Napoleon,Blowers,EP62M,Napoleon Blower Kit with Variable Speed | EP62M |,ep62m,1000x1000
napoleon-eritage-pattern-inset-fpk,Napoleon,Front Accents,FPK-,Napoleon Heritage Pattern Inset | FPK |,fpk-,1000x1000
napoleon-fire-cradle-burner-assembly-b35ng,Napoleon,Burner Assemblies,B35NG,Napoleon Fire Cradle Burner Assembly | B35NG |,b35ng,1000x1000
napoleon-flame-projection-panel-for-nefl50chs-w010-0285,Napoleon,Parts,W565-0285-SER,Napoleon Flame Projection Panel for NEFL50CHS | W010-0285 |,w565-0285-ser,1000x1000
napoleon-flashing-kit-ei-900m10,Napoleon,Decorative Surrounds,EI-900M10,Napoleon Flashing Kit | EI-900M10 |,ei-900m10,1000x1000
napoleon-flush-ornamental-black-insert-kit-hoik-3,Napoleon,Decorative Fronts,HOIK-3,Napoleon Flush Ornamental Black Insert Kit | HOIK-3 |,hoik-3,1000x1000
napoleon-flush-ornamental-satin-chrome-inset-kit-hoiss3,Napoleon,Front Accents,HOISS-3,Napoleon Flush Ornamental Satin Chrome Inset Kit | HOISS-3 |,hoiss-3,1000x1000
napoleon-front-glass-for-nefl50chs-w010-4189,Napoleon,Parts,W010-4189-SER,Napoleon Front Glass for NEFL50CHS | W010-4189 |,w010-4189-ser,1000x1000
napoleon-gbat-polished-chrome-glass-burner-accent-trim,Napoleon,Trim Kits,GBAT,Napoleon Polished Chrome Glass/Burner Accent Trim | GBAT |,gbat,1000x1000
napoleon-gd36-thermostat-sensor-control,Napoleon,Remote Controls,GD36,Napoleon Thermostat Sensor Control | GD36 |,gd36,1000x1000
napoleon-gd567-safety-screen,Napoleon,Additional Accessories,GD567,Napoleon Safety Screen | GD567 |,gd567,1000x1000
napoleon-gd610-8x10-direct-vent-fireplace-venting-component-1-12-to-7-12-pitch-roof-terminal-kit,Napoleon,Venting Components,GD610,"Napoleon 8""x10"" Direct Vent Fireplace Venting Component 1/12 to 7/12 Pitch Roof Terminal Kit | GD610 |",gd610,1000x1000
napoleon-gd611-8x10-direct-vent-fireplace-venting-component-8-12-to-12-12-pitch-roof-terminal-kit,Napoleon,Venting Components,GD611,"Napoleon 8""x10"" Direct Vent Fireplace Venting Component 8/12 to 12/12 Pitch Roof Terminal Kit | GD611 |",gd611,1000x1000
napoleon-gd613-8x10-direct-vent-fireplace-venting-component-roof-terminal,Napoleon,Venting Components,GD613,"Napoleon 8""x10"" Direct Vent Fireplace Venting Component Roof Terminal | GD613 |",gd613,1000x1000
napoleon-gd620-8x10-direct-vent-fireplace-venting-component-vent-kit-5-ft,Napoleon,Venting Components,GD620,"Napoleon 8""x10"" Direct Vent Fireplace Venting Component Vent Kit 5 ft. | GD620 |",gd620,1000x1000
napoleon-gd622r-8x10-direct-vent-fireplace-venting-component-wall-terminal,Napoleon,Venting Components,GD622R,"Napoleon 8""x10"" Direct Vent Fireplace Venting Component Wall Terminal | GD622R |",gd622r,1000x1000
napoleon-gd630-8x10-direct-vent-fireplace-venting-component-vent-kit-10-ft,Napoleon,Venting Components,GD630,"Napoleon 8""x10"" Direct Vent Fireplace Venting Component Vent Kit 10 ft. | GD630 |",gd630,1000x1000
napoleon-gd812-kt-sandstone-fluted-refractory-bricks-with-napoleon-insignia,Napoleon,Interior Panels,GD812-KT,Napoleon Sandstone Fluted Refractory Bricks with Napoleon Insignia | GD812-KT |,gd812-kt,1000x1000
napoleon-gd820-8x11-direct-vent-fireplace-venting-component-5-ft-flex-length,Napoleon,Venting Components,GD820,"Napoleon 8""x11"" Direct Vent Fireplace Venting Component 5 ft flex length | GD820 |",gd820,1000x1000
napoleon-gd612-8x10-direct-vent-fireplace-venting-component-flat-roof-terminal-kit,Napoleon,Venting Components,GD612,"Napoleon 8""x10"" Direct Vent Fireplace Venting Component Flat Roof Terminal Kit | GD612 |",gd612,1000x1000
napoleon-gd849kt-california-sun-fluted-decorative-brick-panels,Napoleon,Interior Panels,GD849KT,Napoleon California Sun Fluted Decorative Brick Panels | GD849KT |,gd849kt,1000x1000
napoleon-gd853kt-herringbone-decorative-brick-panels,Napoleon,Interior Panels,GD853KT,Napoleon Herringbone Decorative Brick Panels | GD853KT |,gd853kt,1000x1000
napoleon-gd854kt-herringbone-decorative-brick-panels,Napoleon,Interior Panels,GD854KT,Napoleon Herringbone Decorative Brick Panels | GD854KT |,gd854kt,1000x1000
napoleon-gd861kt-herringbone-decorative-brick-panels,Napoleon,Interior Panels,GD861KT,Napoleon Herringbone Decorative Brick Panels | GD861KT |,gd861kt,1000x1000
napoleon-gd865kt-herringbone-decorative-brick-panels,Napoleon,Interior Panels,GD865KT,Napoleon Herringbone Decorative Brick Panels | GD865KT |,gd865kt,1000x1000
napoleon-gd870kt-old-town-red-decorative-brick-panels,Napoleon,Interior Panels,GD870KT,Napoleon Old Town Red Decorative Brick Panels | GD870KT |,gd870kt,1000x1000
napoleon-gd872kt-herringbone-decorative-brick-panels,Napoleon,Interior Panels,GD872KT,Napoleon Herringbone Decorative Brick Panels | GD872KT |,gd872kt,1000x1000
napoleon-gx70-safety-screen-replacement,Napoleon,Parts,W565-0209-SER,Napoleon GX70 Safety Screen Replacement | W565-0209-SER |,w565-0209-ser,1000x1000
napoleon-h222-ss-satin-chrome-plated-cast-iron-door-with-standard-arch,Napoleon,Stove Doors,H222-SS,Napoleon Satin Chrome Plated Cast Iron Door with Standard Arch | H222-SS |,h222-ss,1000x1000
napoleon-h222m-metallic-black-cast-iron-door-with-standard-arch,Napoleon,Stove Doors,H222M,Napoleon Metallic Black Cast Iron Door with Standard Arch | H222M |,h222m,1000x1000
napoleon-haliburton-gds28-1nsb-pedestal-standing-pilot-ignition-direct-vent-gas-stove,Napoleon,Gas Stoves,GDS28-1NE,Napoleon Haliburton Pedestal Standing Pilot Ignition Direct-Vent Gas Stove | GDS28-1NSB,gds28-1ne,1000x1000
napoleon-haliburton-gs328gsb-gold-plated-24-karat-stove-door,Napoleon,Stove Doors,GS328GSB,Napoleon Haliburton Gold Plated (24 Karat) Stove Door | GS328GSB |,gs328gsb,1000x1000
napoleon-havelock-gds50-1nsb-standing-pilot-ignition-direct-vent-gas-stove,Napoleon,Gas Stoves,GDS50-1NE,Napoleon Havelock Standing Pilot Ignition Direct-Vent Gas Stove | GDS50-1NSB,gds50-1ne,1000x1000
napoleon-hearth-pad-for-hdx35-hp35k,Napoleon,Additional Accessories,HP35K,Napoleon Hearth Pad for HDX35 | HP35K |,hp35k,1000x1000
napoleon-heat-management-system-axhm,Napoleon,Heat Distribution,AXHM,Napoleon Heat Management System | AXHM |,axhm,1000x1000
napoleon-heritage-pattern-inset-fpk,,Front Accents,FPK-,,fpk-,1000x1000
napoleon-igniter-1-5-v-n357-0013,Napoleon,Parts,N357-0013,Napoleon Igniter 1.5 V | N357-0013 |,n357-0013,1000x1000
napoleon-i3s6-6-5-piece-painted-black-surround,Napoleon,Decorative Surrounds,I3S6,"Napoleon 6"" 5-Piece Painted Black Surround | I3S6 |",i3s6,1000x1000
napoleon-huntsville-leg-model-medium-wood-stove-1400ml,Napoleon,Wood Stoves,1400ML,Napoleon Huntsville Leg Model Medium Wood Stove | 1400ML |,1400ml,1000x1000
napoleon-indoor-outdoor-kit-for-luxuria-62-iol62k,Napoleon,Indoor Outdoor Kits,IOL62K,Napoleon Indoor/Outdoor kit for Luxuria 62 | IOL62K |,iol62k,1000x1000
napoleon-indoor-outdoor-kit-iol50k,Napoleon,Indoor Outdoor Kits,IOL50K,Napoleon Indoor/Outdoor Kit | IOL50K |,iol50k,1000x1000
napoleon-indoor-outdoor-kit-iol38k,Napoleon,Indoor Outdoor Kits,IOL38K,Napoleon Indoor/Outdoor Kit | IOL38K |,iol38k,1000x1000
napoleon-indoor-outdoor-kit-for-luxuria-74-iol74k,Napoleon,Indoor Outdoor Kits,IOL74K,Napoleon Indoor/Outdoor kit for Luxuria 74 | IOL74K |,iol74k,1000x1000
napoleon-knightsbridge-gds60-electronic-ignition-direct-vent-cast-iron-gas-stove,Napoleon,Gas Stoves,GDS60-1NSB,Napoleon Knightsbridge Direct-Vent Cast Iron Gas Stove | GDS60,gds60-1nsb,1000x1000
napoleon-low-clearance-flue-connector-epa335kt,Napoleon,Heat Distribution,EPA335KT,Napoleon Low Clearance Flue Connector | EPA335KT |,epa335kt,1000x1000
napoleon-log-set-burner-assembly-b35nl,Napoleon,Burner Assemblies,B35NL,Napoleon Log Set Burner Assembly | B35NL |,b35nl,1000x1000
napoleon-luxuria-38-linear-direct-vent-gas-fireplace-lvx38n,Napoleon,Gas Fireplaces,LVX38NX-1,Napoleon Luxuria 38 Linear Direct-Vent Gas Fireplace | LVX38N,lvx38nx-1,1000x1000
napoleon-luxuria-38-See-Thru-linear-direct-vent-gas-fireplace-lvx38n2,Napoleon,Gas Fireplaces,LVX38N2X-1,,lvx38n2x-1,1000x1000
napoleon-luxuria-50-See-Thru-linear-direct-vent-gas-fireplace-lvx50n2,Napoleon,Gas Fireplaces,LVX50N2X-1,,lvx50n2x-1,1000x1000
napoleon-luxuria-50-linear-direct-vent-gas-fireplace-lvx50n,Napoleon,Gas Fireplaces,LVX50NX-1,Napoleon Luxuria 50 Linear Direct-Vent Gas Fireplace | LVX50N,lvx50nx-1,1000x1000
napoleon-luxuria-62-See-Thru-linear-direct-vent-gas-fireplace-lvx62n2,Napoleon,Gas Fireplaces,LVX62N2X-1,,lvx62n2x-1,1000x1000
napoleon-luxuria-74-See-Thru-linear-direct-vent-gas-fireplace-lvx74n2,Napoleon,Gas Fireplaces,LVX74N2X-1,,lvx74n2x-1,1000x1000
napoleon-luxuria-62-linear-direct-vent-gas-fireplace-lvx62n,Napoleon,Gas Fireplaces,LVX62NX-1,Napoleon Luxuria 62 Linear Direct-Vent Gas Fireplace | LVX62N,lvx62nx-1,1000x1000
napoleon-luxuria-74-linear-direct-vent-gas-fireplace-lvx74n,Napoleon,Gas Fireplaces,LVX74NX-1,Napoleon Luxuria 74 Linear Direct-Vent Gas Fireplace | LVX74N,lvx74nx-1,1000x1000
napoleon-mekr-6-grey-river-rocks-media-enhancement-kit,Napoleon,Media Kits,MEKR,Napoleon 6 Grey River Rocks Media Enhancement Kit | MEKR |,mekr,1000x1000
napoleon-mineral-rock-kit-and-chrome-media-tray-rek-rak35-40,Napoleon,Media Kits,"REK, RAK35/40",Napoleon Mineral Rock Kit and Chrome Media Tray | REK RAK35/40 |,"rek, rak35/40",1000x1000
napoleon-mirro-flame-porcelain-reflective-radiant-panels-prp35bk,Napoleon,Interior Panels,PRP35BK,Napoleon MIRRO-FLAME Porcelain Reflective Radiant Panels | PRP35BK |,prp35bk,1000x1000
napoleon-leg-leveling-stove-securing-kit-gdsll-kt,Napoleon,Venting Components,gdsll-kt,"Napoleon Leg Leveling, Stove Securing Kit | GDSLL-KT |",gdsll-kt,1000x1000
napoleon-mirroflame-porcelain-reflective-radiant-panels-prpp40,Napoleon,Interior Panels,PRPP40,Napoleon MIRRO-FLAME Porcelain Reflective Radiant Panels | PRPP40 |,prpp40,1000x1000
napoleon-mkbc-clear-glass-beads-media-kit,Napoleon,Glass Media Kits,MKBC,Napoleon Clear Glass Beads Media Kit | MKBC |,mkbc,1000x1000
napoleon-mkbr-red-glass-beads-media-kit,Napoleon,Glass Media Kits,MKBR,Napoleon Red Glass Beads Media Kit | MKBR |,mkbr,1000x1000
napoleon-mke30-shore-fire-kit,Napoleon,Media Kits,MKE30,Napoleon Shore Fire Kit | MKE30 |,mke30,1000x1000
napoleon-mke42-shore-fire-kit,Napoleon,Media Kits,MKE42,Napoleon Shore Fire Kit | MKE42 |,mke42,1000x1000
napoleon-mkrm-multi-colored-river-rocks-media-kit,,Media Kits,MKRM,,mkrm,1000x1000
napoleon-mke50-shore-fire-kit,Napoleon,Media Kits,MKE50,Napoleon Shore Fire Kit | MKE50 |,mke50,1000x1000
napoleon-mkrm-multi-coloured-river-rocks-media-kit,Napoleon,Media Kits,MKRM,Napoleon Multi-Coloured River Rocks Media Kit | MKRM |,mkrm,1000x1000
napoleon-natural-gas-to-propane-conversion-kit-w175-0726,Napoleon,Conversion Kits,w175-0726,Napoleon Natural Gas to Propane Conversion Kit | W175-0726 |,w175-0726,1000x1000
napoleon-natural-to-propane-gas-conversion-kit-w175-0668,Napoleon,Conversion Kits,W175-0668,Napoleon Natural to Propane Gas Conversion Kit | W175-0668 |,w175-0668,1000x1000
napoleon-oakdale-epi-1101m-metallic-black-deluxe-epa-wood-burning-insert,Napoleon,Wood Inserts,EPI-1101M,Napoleon Oakdale Metallic Black Deluxe Wood Burning Insert | 1101M |,epi-1101m,1000x1000
napoleon-oakdale-epi-1402k-porcelain-enamel-black-epa-wood-burning-insert,Napoleon,Wood Inserts,EPI-1402K,Napoleon Oakdale Porcelain Enamel Black EPA Wood Burning Insert | EPI-1402K |,epi-1402k,1000x1000
napoleon-oakdale-epi-1402m-metallic-black-epa-wood-burning-insert,Napoleon,Wood Inserts,EPI-1402M,Napoleon Oakdale Deluxe Metallic Black Wood Burning Insert | 1402M |,epi-1402m,1000x1000
napoleon-oakville-gdi3-gas-fireplace-insert-gdi3n,Napoleon,Gas Inserts,GDI3NE,Napoleon Oakville GDI3 Gas Fireplace Insert | GDI3N,gdi3ne,1000x1000
napoleon-ornamental-cast-iron-stainless-steel-leg-set-202css,Napoleon,Additional Accessories,202CSS,Napoleon Ornamental Cast Iron Stainless Steel Leg Set | 202CSS |,202css,1000x1000
napoleon-ornamental-cast-iron-gold-plated-24k-leg-set-202cg,Napoleon,Additional Accessories,202CG,Napoleon Ornamental Cast Iron Gold Plated 24k Leg Set | 202CG |,202cg,1000x1000
napoleon-ornamental-cast-iron-black-leg-set-202cm,Napoleon,Additional Accessories,202CM,Napoleon Ornamental Cast Iron Black Leg Set | 202CM |,202cm,1000x1000
napoleon-outdoor-patioflame-gpfgp-1-brushed-stainless-steel-gas-firepit-with-glass,Napoleon,Outdoor Gas Firepits,GPFGP-1,Napoleon Outdoor Patioflame Brushed Stainless Steel Gas Firepit with Glass | GPFGP-1 |,gpfgp-1,1000x1000
napoleon-outdoor-patioflame-gpfp-1-brushed-stainless-steel-propane-firepit-with-logs,Napoleon,Outdoor Gas Firepits,GPFP-1,Napoleon Outdoor Patioflame Brushed Stainless Steel Propane Firepit with Logs | GPFP-1 |,gpfp-1,1000x1000
napoleon-patioflame-pfc-01748-cover,Napoleon,Safety Barriers,1748,Napoleon Patioflame PFC Cover | 1748 |,1748,1000x1000
napoleon-patioflame-pfs-safety-screen,Napoleon,Additional Accessories,PFS,Napoleon Patioflame Safety Screen | PFS |,pfs,1000x1000
napoleon-patioflame-pft-table,Napoleon,Additional Accessories,PFT,Napoleon Patioflame Stainless steel table w/black legs | PFT |,pft,1000x1000
napoleon-patioflame-pftt-gk-black-granite-table-top,Napoleon,Additional Accessories,PFTT-GK,Napoleon Patioflame Black Granite Table Top | PFTT-GK |,pftt-gk,1000x1000
napoleon-piezo-igniter-w357-0001,Napoleon,Parts,W357-0001,Napoleon Piezo Igniter | W357-0001 |,w357-0001,1000x1000
napoleon-prp35bn-beige-brown-cappuccino-porcelain-reflective-radiant-panels,Napoleon,Interior Panels,PRP35BN,Napoleon Beige/brown Cappuccino Porcelain Reflective Radiant Panels | PRP35BN |,prp35bn,1000x1000
napoleon-prp36-porcelain-reflective-radiant-panels,Napoleon,Interior Panels,PRP36,Napoleon Porcelain Reflective Radiant Panels | PRP36 |,prp36,1000x1000
napoleon-prp35-porcelain-reflective-radiant-panels,Napoleon,Interior Panels,PRP35,Napoleon Porcelain Reflective Radiant Panels | PRP35 |,prp35,1000x1000
napoleon-prp35gy-platinum-porcelain-reflective-radiant-panels,Napoleon,Interior Panels,PRP35GY,Napoleon Platinum Porcelain Reflective Radiant Panels | PRP35GY |,prp35gy,1000x1000
napoleon-prp45-porcelain-reflective-radiant-panels,Napoleon,Interior Panels,PRP45,Napoleon Porcelain Reflective Radiant Panels | PRP45 |,prp45,1000x1000
napoleon-prp52bn-beige-brown-cappuccino-porcelain-reflective-radiant-panels,Napoleon,Interior Panels,PRP52BN,Napoleon Beige/brown Cappuccino Porcelain Reflective Radiant Panels | PRP52BN |,prp52bn,1000x1000
napoleon-prp52gy-platinum-porcelain-reflective-radiant-panels,Napoleon,Interior Panels,PRP52GY,Napoleon Platinum Porcelain Reflective Radiant Panels | PRP52GY |,prp52gy,1000x1000
napoleon-prp82-porcelain-reflective-radiant-panels,Napoleon,Interior Panels,PRP82,Napoleon Porcelain Reflective Radiant Panels | PRP82 |,prp82,1000x1000
napoleon-prpd4-end-porcelain-panel-kit,Napoleon,Interior Panels,PRPD4,Napoleon End Porcelain Panel Kit | PRPD4 |,prpd4,1000x1000
napoleon-prphd4-end-porcelain-panel-kit,Napoleon,Interior Panels,PRPHD4,Napoleon End Porcelain Panel Kit | PRPHD4 |,prphd4,1000x1000
napoleon-prphr35-ribbed-porcelain-reflective-radiant-panels,Napoleon,Interior Panels,PRPHR35,Napoleon Ribbed Porcelain Reflective Radiant Panels | PRPHR35 |,prphr35,1000x1000
napoleon-prphr46-ribbed-porcelain-reflective-radiant-panels,Napoleon,Interior Panels,PRPHR46,Napoleon Ribbed Porcelain Reflective Radiant Panels | PRPHR46 |,prphr46,1000x1000
napoleon-prpr40-porcelain-reflective-radiant-panels-ribbed,Napoleon,Interior Panels,PRPR40,Napoleon Porcelain Reflective Radiant Panels - Ribbed | PRPR40 |,prpr40,1000x1000
napoleon-prpr46-ribbed-porcelain-reflective-radiant-panels,Napoleon,Interior Panels,PRPR46,Napoleon Ribbed Porcelain Reflective Radiant Panels | PRPR46 |,prpr46,1000x1000
napoleon-pva36-1-power-vent-adaptor-kit-for-36-series-fireplaces-excluding-ascent-series-bgnv36-lhd4,Napoleon,Venting Components,PVA36-1,Napoleon Power Vent Adaptor kit for 36 Series Fireplaces (Excluding Ascent Series & BGNV36) & LHD45 Series Fireplace | PVA36-1 |,pva36-1,1000x1000
napoleon-pva62-power-vent-adaptor-kit-for-lhd62,Napoleon,Venting Components,PVA62,Napoleon Power Vent Adaptor kit for LHD62 | PVA62 |,pva62,1000x1000
napoleon-pva81-power-vent-adaptor-kit-for-d81-series-fireplaces-compatible-with-hand-held-remote-con,Napoleon,Venting Components,PVA81,Napoleon Power Vent Adaptor kit for D81 Series Fireplaces (Compatible with hand-held remote control) | PVA81 |,pva81,1000x1000
napoleon-rak36-rock-adaptor-kit,Napoleon,Accessory Media Kits,RAK36,Napoleon Rock Adaptor Kit | RAK36 |,rak36,1000x1000
napoleon-rectangular-wrought-iron-decorative-surround-rs35wi,Napoleon,Decorative Surrounds,RS35WI,Napoleon Rectangular Wrought Iron Decorative Surround | RS35WI |,rs35wi,1000x1000
napoleon-rek-mineral-rock-kit-1,Napoleon,Media Kits,REK,Napoleon Mineral Rock Kit | REK |,rek,1000x1000
napoleon-rek-mineral-rock-kit-with-support-bracket-for-inserts,Napoleon,Media Kits,"REK, RAK30","Napoleon REK Mineral Rock Kit with Support Bracket for Inserts | REK, RAK30 |","rek, rak30",1000x1000
napoleon-roxbury-3600-direct-vent-gas-fireplace-insert-gi3600,Napoleon,Gas Inserts,GI3600-4NSB,Napoleon Roxbury 3600 Direct-Vent Gas Fireplace Insert | GI3600,gi3600-4nsb,1000x1000
napoleon-s-series-s1-metallic-charcoal-small-wood-stove,Napoleon,Wood Stoves,S1,Napoleon S Series Metallic Charcoal Small Wood Stove | S1 |,s1,1000x1000
napoleon-s-series-s4-metallic-charcoal-medium-wood-stove,Napoleon,Wood Stoves,S4,Napoleon S Series Metallic Charcoal Medium Wood Stove | S4 |,s4,1000x1000
napoleon-s-series-s9-metallic-charcoal-large-wood-stove,Napoleon,Wood Stoves,S9,Napoleon S Series Metallic Charcoal Large Wood Stove | S9 |,s9,1000x1000
napoleon-s25-kt-screen-kit,Napoleon,Additional Accessories,S25-KT,Napoleon Screen Kit | S25-KT |,s25-kt,1000x1000
napoleon-safety-valve-n725-0049,Napoleon,Parts,N725-0049,Napoleon Safety Valve | N725-0049 |,n725-0049,1000x1000
napoleon-s36cvp-diamond-dust-convex-surround,Napoleon,Decorative Surrounds,S36CVP,Napoleon Diamond Dust Convex Surround | S36CVP |,s36cvp,1000x1000
napoleon-satin-chrome-plated-louvres-cl28ss,Napoleon,Decorative Fronts,CL28SS,Napoleon Satin Chrome Plated Louvres | CL28SS |,cl28ss,1000x1000
napoleon-sbat-polished-chrome-stone-burner-accent-trim,Napoleon,Trim Kits,SBAT,Napoleon Polished Chrome Stone Burner Accent Trim | SBAT |,sbat,1000x1000
napoleon-sbhd35k-black-safety-barrier,Napoleon,Safety Barriers,SBHD35K,Napoleon Black Safety Barrier | SBHD35K |,sbhd35k,1000x1000
napoleon-sfk82sssb-brushed-stainless-steel-surround-facing-kit-with-safety-barrier,Napoleon,Decorative Fronts,SFK82SSSB,Napoleon Brushed Stainless Steel Surround Facing Kit with Safety Barrier | SFK82SSSB |,sfk82sssb,1000x1000
napoleon-sfks-shore-fire-kit,Napoleon,Media Kits,SKFS,Napoleon Shore Fire Kit | SFKS |,skfs,1000x1000
napoleon-stepper-motor-regulator-w435-0010,Napoleon,Decorative Fronts,W435-0010,Napoleon Stepper Motor Regulator | W435-0010 |,w435-0010,1000x1000
napoleon-t81-bcsb-brushed-copper-faceplate,Napoleon,Decorative Fronts,T81-BCSB,Napoleon Brushed Copper Faceplate | T81-BCSB |,t81-bcsb,1000x1000
napoleon-t81-bnsb-brushed-nickel-faceplate,Napoleon,Decorative Fronts,T81-BNSB,Napoleon Brushed Nickel Faceplate | T81-BNSB |,t81-bnsb,1000x1000
napoleon-tfb-steel-blue-torch-frame-front,Napoleon,Decorative Fronts,TFW,Napoleon TFB Steel Blue Torch Frame/Front | TFW |,tfw,1000x1000
napoleon-tfk-painted-metallic-black-torch-frame-front,Napoleon,Decorative Fronts,TFK,Napoleon Painted Metallic Black Torch Frame/Front | TFK |,tfk,1000x1000
napoleon-tfp-diamond-dust-torch-frame-front,Napoleon,Decorative Fronts,TFP,Napoleon Diamond Dust Torch Frame/Front | TFP |,tfp,1000x1000
napoleon-tfr-red-torch-frame-front,Napoleon,Decorative Fronts,TFR,Napoleon Red Torch Frame/Front | TFR |,tfr,1000x1000
napoleon-the-alanis-electric-fireplace-and-mantel-package-nefp42-1815b,Napoleon,Electric Fireplaces,NEFP42-1815B,Napoleon The Alanis Electric Fireplace and Mantel package | NEFP42-1815B |,nefp42-1815b,1000x1000
napoleon-the-bailey-electric-fireplace-and-mantel-package-nefcp24-0116e,Napoleon,Mantels,NEFCO24-0116E,Napoleon The Bailey Electric Fireplace and Mantel | NEFCP24-0116E |,nefco24-0116e,1000x1000
napoleon-the-shelton-electric-fireplace-and-mantel-package-nefp42-1715bw,Napoleon,Electric Fireplaces,NEFP42-1715BW,Napoleon The Shelton Electric Fireplace and Mantel package | NEFP42-1715BW |,nefp42-1715bw,1000x1000
napoleon-thermocouple-n680-0001,Napoleon,Parts,N680-0001,Napoleon Thermocouple | N680-0001 |,n680-0001,1000x1000
napoleon-traditional-steel-black-leg-set-200m,Napoleon,Additional Accessories,200M,Napoleon Traditional Steel Black Leg Set | 200M |,200m,1000x1000
napoleon-tranquille-30-nefb30gl-built-in-electric-fireplace,Napoleon,Electric Fireplaces,NEFB30GL,Napoleon Tranquille 30 Built-In Electric Fireplace | NEFB30GL |,nefb30gl,1000x1000
napoleon-vector-38-See-Thru-linear-direct-vent-gas-fireplace-lv38n2-1,Napoleon,Gas Fireplaces,LV38N2-1,,lv38n2-1,1000x1000
napoleon-vector-38-linear-direct-vent-gas-fireplace-lv38n-1,Napoleon,Gas Fireplaces,LV38N-1,Napoleon Vector 38 Linear Direct-Vent Gas Fireplace | LV38N-1,lv38n-1,1000x1000
napoleon-vector-50-See-Thru-linear-direct-vent-gas-fireplace-lv50n2-2,Napoleon,Gas Fireplaces,LV50N2-2,,lv50n2-2,1000x1000
napoleon-vector-50-linear-direct-vent-gas-fireplace-lv50n-2,Napoleon,Gas Fireplaces,LV50N-2,Napoleon Vector 50 LV50 Linear Direct-Vent Gas Fireplace | LV50N-2,lv50n-2,1000x1000
napoleon-vector-see-thru-series-5x8-top-vent-kit-with-round-horizontal-termination,Napoleon,Venting Components,"GD422R-2, GD430","Napoleon Vector See Thru Series 5""x8"" Top Vent Kit with Round Horizontal Termination | GD422R-2, GD430 |","gd422r-2, gd430",1000x1000
napoleon-w010-1797-8x10-direct-vent-fireplace-venting-component-firestop,Napoleon,Venting Components,W010-1797,"Napoleon 8""x10"" Direct Vent Fireplace Venting Component Firestop | W010-1797 |",w010-1797,1000x1000
napoleon-w010-3364-8x11-direct-vent-fireplace-venting-component-firestop,Napoleon,Venting Components,W010-3364,"Napoleon 8""x11"" Direct Vent Fireplace Venting Component Firestop | W010-3364 |",w010-3364,1000x1000
napoleon-w170-0116-8x10-direct-vent-fireplace-venting-component-vent-pipe-collar,Napoleon,Venting Components,W170-0116,"Napoleon 8""x10"" Direct Vent Fireplace Venting Component Vent Pipe Collar | W170-0116 |",w170-0116,1000x1000
napoleon-w175-0158-natural-gas-to-propane-conversion-kit,Napoleon,Conversion Kits,W175-0158,Napoleon Natural Gas to Propane Conversion Kit | W175-0158 |,w175-0158,1000x1000
napoleon-w175-0159-natural-gas-to-propane-conversion-kit,Napoleon,Conversion Kits,W175-0159,Napoleon Natural Gas to Propane Conversion Kit | W175-0159 |,w175-0159,1000x1000
napoleon-w175-0178-natural-gas-to-propane-conversion-kit,Napoleon,Conversion Kits,W175-0178,Napoleon Natural Gas to Propane Conversion Kit | W175-0178 |,w175-0178,1000x1000
napoleon-w175-0214-natural-gas-to-propane-conversion-kit,Napoleon,Conversion Kits,W175-0214,Napoleon Natural Gas to Propane Conversion Kit | W175-0214 |,w175-0214,1000x1000
napoleon-w175-0246-natural-gas-to-propane-conversion-kit,Napoleon,Conversion Kits,W175-0246,Napoleon Natural Gas to Propane Conversion Kit | W175-0246 |,w175-0246,1000x1000
napoleon-w175-0249-8x10-direct-vent-fireplace-venting-component-10-coupler,Napoleon,Venting Components,W175-0249,"Napoleon 8""x10"" Direct Vent Fireplace Venting Component 10"" Coupler | W175-0249 |",w175-0249,1000x1000
napoleon-w175-0266-natural-gas-to-propane-conversion-kit,Napoleon,Conversion Kits,W175-0266,Napoleon Natural Gas to Propane Conversion Kit | W175-0266 |,w175-0266,1000x1000
napoleon-w175-0268-natural-gas-to-propane-conversion-kit,Napoleon,Conversion Kits,W175-0268,Napoleon Natural Gas to Propane Conversion Kit | W175-0268 |,w175-0268,1000x1000
napoleon-w175-0278-natural-gas-to-propane-conversion-kit,Napoleon,Conversion Kits,W175-0278,Napoleon Natural Gas to Propane Conversion Kit | W175-0278 |,w175-0278,1000x1000
napoleon-w175-0286-natural-gas-to-propane-conversion-kit,Napoleon,Conversion Kits,W175-0286,Napoleon Natural Gas to Propane Conversion Kit | W175-0286 |,w175-0286,1000x1000
napoleon-w175-0304-natural-gas-to-propane-conversion-kit,Napoleon,Conversion Kits,W175-0304,Napoleon Natural Gas to Propane Conversion Kit | W175-0304 |,w175-0304,1000x1000
napoleon-w175-0407-natural-gas-to-propane-conversion-kit,Napoleon,Conversion Kits,W175-0407,Napoleon Natural Gas to Propane Conversion Kit | W175-0407 |,w175-0407,1000x1000
napoleon-w320-0011m-metallic-black-blower-guard,Napoleon,Heat Distribution,W320-0011M,Napoleon Metallic Black Blower Guard | W320-0011M |,w320-0011m,1000x1000
napoleon-w325-0032-small-satin-chrome-spring-door-handle,Napoleon,Stove Doors,W325-0032,Napoleon Small Satin Chrome Spring Door Handle | W325-0032 |,w325-0032,1000x1000
napoleon-w325-0033-large-satin-chrome-spring-door-handle,Napoleon,Stove Doors,W325-0033,Napoleon Large Satin Chrome Spring Door Handle | W325-0033 |,w325-0033,1000x1000
napoleon-w325-0042-small-black-spring-door-handle,Napoleon,Stove Doors,W325-0042,Napoleon Small Black Spring Door Handle | W325-0042 |,w325-0042,1000x1000
napoleon-w325-0043-large-black-spring-door-handle,Napoleon,Stove Doors,W325-0043,Napoleon Large Black Spring Door Handle | W325-0043 |,w325-0043,1000x1000
napoleon-w325-0044-small-polished-brass-spring-door-handle,Napoleon,Stove Doors,W325-0044,Napoleon Small Polished Brass Spring Door Handle | W325-0044 |,w325-0044,1000x1000
napoleon-w470-0002-enamel-touch-up-brush,Napoleon,Paints,W470-0002,Napoleon Enamel Touch Up & Brush | W470-0002 |,w470-0002,1000x1000
napoleon-w325-0045-large-polished-brass-spring-door-handle,Napoleon,Stove Doors,W325-0045,Napoleon Large Polished Brass Spring Door Handle | W325-0045 |,w325-0045,1000x1000
napoleon-w475-0217-outside-air-pedestal-back-plate,Napoleon,Heat Distribution,W475-0217,Napoleon Outside air pedestal back plate | W475-0217 |,w475-0217,1000x1000
napoleon-w585-0834-11-direct-vent-venting-component-vent-pipe-shield,Napoleon,Venting Components,W585-0834,"Napoleon 11"" Direct Vent Venting Component Vent Pipe Shield | W585-0834 |",w585-0834,1000x1000
napoleon-w655-0608k-support-bracket-for-media-kit,Napoleon,Accessory Media Kits,W655-0608K,Napoleon Support Bracket for Media Kit | W655-0608K |,w655-0608k,1000x1000
napoleon-w655-0609k-support-bracket-for-media-kit,Napoleon,Accessory Media Kits,W655-0609K,Napoleon Support Bracket for Media Kit | W655-0609K |,w655-0609k,1000x1000
napoleon-w655-0610k-support-bracket-for-media-kit,Napoleon,Accessory Media Kits,W655-0610K,Napoleon Support Bracket for Media Kit | W655-0610K |,w655-0610k,1000x1000
skytech-systems-sky-1001be-on-off-remote,Skytech,Remote Controls,SKY-1001BE,Skytech Systems On/Off Remote | SKY-1001BE |,sky-1001be,1000x1000
skytech-systems-sky-1001d-a-wireless-wall-switch,Skytech,Remote Controls,SKY-1001D-A,Skytech Systems Wireless Wall Switch | SKY-1001D-A |,sky-1001d-a,1000x1000
skytech-systems-sky-1001t-lcd-a-on-off-remote,Skytech,Remote Controls,SKY-1001T/LCD,Skytech Systems On/Off Remote | SKY-1001T/LCD |,sky-1001t/lcd,1000x1000
skytech-systems-sky-1001th-a-thermostat-remote,Skytech,Remote Controls,SKY-1001TH-A,Skytech Systems Thermostat Remote | SKY-1001TH-A |,sky-1001th-a,1000x1000
skytech-systems-sky-1410-a-on-off-remote-control,Skytech,Remote Controls,SKY-1410-A,Skytech Systems On/Off Remote Control | SKY-1410-A |,sky-1410-a,1000x1000
skytech-systems-sky-1410th-a-thermostat-lcd-thermostat-remote,Skytech,Remote Controls,SKY-1410TH-A,Skytech Systems Thermostat LCD Thermostat Remote | SKY-1410TH-A |,sky-1410th-a,1000x1000
skytech-systems-sky-3002-thermostatic-control-plus-timer-remote,Skytech,Remote Controls,SKY-3002,Skytech Systems Thermostatic Control Plus Timer Remote | SKY-3002 |,sky-3002,1000x1000
skytech-systems-sky-3301-thermo-remote,Skytech,Remote Controls,SKY-3301,Skytech Systems Thermo Remote | SKY-3301 |,sky-3301,1000x1000
skytech-systems-sky-3301be-lcd-remote,Skytech,Remote Controls,SKY-3301BE,Skytech Systems LCD Remote | SKY-3301BE |,sky-3301be,1000x1000
skytech-systems-sky-3301p-lcd-display-programable-remote,Skytech,Remote Controls,SKY-3301P,Skytech Systems LCD Display Programmable Remote | SKY-3301P |,sky-3301p,1000x1000
skytech-systems-sky-3301pbe-programable-remote,Skytech,Remote Controls,SKY-3301PBE,Skytech Systems Programmable Remote | SKY-3301PBE |,sky-3301pbe,1000x1000
skytech-systems-sky-3301pf-on-off-lcd-display-programable-therm-remote,Skytech,Remote Controls,SKY-3301PF,Skytech Systems On/Off LCD Display Programmable Therm Remote | SKY-3301PF |,sky-3301pf,1000x1000
skytech-systems-sky-5001-touch-screen-on-off-remote,Skytech,Remote Controls,SKY-5001,Skytech Systems Touch Screen On/Off Remote | SKY-5001 |,sky-5001,1000x1000
skytech-systems-sky-5301-touch-screen-thermostatic-control-plus-timer-remote,Skytech,Remote Controls,SKY-5301,Skytech Systems Touch Screen Thermostatic Control Plus Timer Remote | SKY-5301 |,sky-5301,1000x1000
skytech-systems-sky-5310-touch-screen-thermostatic-control-plus-timer-remote-with-plug-in-receiver,Skytech,Remote Controls,SKY-5310,Skytech Systems Touch Screen Thermostatic Control Plus Timer Remote With Plug-In Receiver | SKY-5310 |,sky-5310,1000x1000
skytech-systems-ts-r-2a-manual-wall-thermostat-battery-operated-wireless-lcd-remote,Skytech,Remote Controls,TS/R-2A,Skytech Systems Manual Wall Thermostat Battery Operated Wireless LCD Remote | TS/R-2A |,ts/r-2a,1000x1000
stove-bright-gas-appliance-glass-cleaner,Stove Bright,Tools and Supplies,62140,Stove Bright Gas Appliance Glass Cleaner,62140,1000x1000
superior-26-562-5-section-flex-pipe-pf58-1854,Superior,Venting Components,PF58-1854,"Superior 26.5"" - 62.5"" Section Flex Pipe | PF58-1854 |",pf58-1854,1000x1000
superior-32-inch-vent-free-linear-gas-fireplace-vrt4032,Superior,Gas Fireplaces,VRT4032ZEN,Superior 32 Inch Vent Free Linear Gas Fireplace | VRT4032 |,vrt4032zen,1000x1000
superior-32-inch-vent-free-traditional-gas-fireplace-vrt4032,Superior,Gas Fireplaces,???,Superior 32 Vent Free Traditional Gas Fireplace | VRT4032,???,1000x1000
superior-35-inch-direct-vent-contemporary-gas-fireplace-drc2035,Superior,Gas Fireplaces,DRC2035TEN,Superior 35 Direct-Vent Contemporary Gas Fireplace | DRC2035,drc2035ten,1000x1000
superior-35-inch-direct-vent-traditional-gas-fireplace-drt3035,Superior,Gas Fireplaces,DRT3035DEN-C,Superior 35 Direct-Vent Traditional Gas Fireplace | DRT3035,drt3035den-c,1000x1000
superior-35-inch-direct-vent-traditional-gas-fireplace-drt2035,Superior,Gas Fireplaces,DRT2035TEN-C,Superior 35 Direct-Vent Traditional Gas Fireplace | DRT2035,drt2035ten-c,1000x1000
superior-36-inch-b-vent-radiant-gas-fireplace-brt4336,Superior,Gas Fireplaces,BRT4336TEN-B,Superior 36 B-Vent Radiant Gas Fireplace | BRT4336,brt4336ten-b,1000x1000
superior-36-inch-b-vent-radiant-gas-fireplace-brt4536,Superior,Gas Fireplaces,BRT4536TEN-B,Superior 36 B-Vent Radiant Gas Fireplace | BRT4536,brt4536ten-b,1000x1000
superior-36-inch-vent-free-radiant-gas-fireplace-vrt4036,Superior,Gas Fireplaces,VRT4036ZEN,Superior 36 Vent Free Radiant Gas Fireplace | VRT4036,vrt4036zen,1000x1000
superior-40-inch-direct-vent-contemporary-gas-fireplace-drc2040,Superior,Gas Fireplaces,DRC2040TEN,Superior 40 Direct-Vent Contemporary Gas Fireplace | DRC2040,drc2040ten,1000x1000
superior-40-inch-direct-vent-traditional-gas-fireplace-drt2040,Superior,Gas Fireplaces,DRT2040TEN-C,Superior 40 Direct-Vent Traditional Gas Fireplace | DRT2040,drt2040ten-c,1000x1000
superior-40-inch-direct-vent-traditional-gas-fireplace-drt3040,Superior,Gas Fireplaces,DRT3040DEN-C,Superior 40 Direct-Vent Traditional Gas Fireplace | DRT3040,drt3040den-c,1000x1000
superior-42-inch-b-vent-radiant-gas-fireplace-brt4342,Superior,Gas Fireplaces,BRT4342TEN-B,Superior 42 B-Vent Radiant Gas Fireplace | BRT4342,brt4342ten-b,1000x1000
superior-42-inch-b-vent-radiant-gas-fireplace-brt4542,Superior,Gas Fireplaces,BRT4542TEN-B,Superior 42 B-Vent Radiant Gas Fireplace | BRT4542,brt4542ten-b,1000x1000
superior-40-inch-direct-vent-traditional-gas-fireplace-drt4040,Superior,Gas Fireplaces,DRT4040DEN-C,Superior 40 Direct-Vent Traditional Gas Fireplace | DRT4040,drt4040den-c,1000x1000
superior-43-inch-wood-fireplace-wrt4043,Superior,Wood Fireplaces,WRT4043IS,Superior 43 Inch Wood Fireplace | WRT4043 |,wrt4043is,1000x1000
superior-54-inch-radiant-linear-electric-fireplace-erc4054,Superior,Electric Fireplaces,ERC4054,Superior 54 Inch Radiant Linear Electric Fireplace | ERC4054 |,erc4054,1000x1000
superior-90-degree-elbowgalvanized-e58-90,Superior,Venting Components,E58-90,Superior 90 degree Elbow - Galvanized | E58-90 |,e58-90,1000x1000
superior-basement-vent-kit-vkb-58,Superior,Venting Components,VKB-58,Superior Basement Vent Kit | VKB-58 |,vkb-58,1000x1000
superior-black-cast-iron-door-btcecbkc,Superior,Decorative Doors,BTCECBKC,Superior Black Cast Iron Door | BTCECBKC |,btcecbkc,1000x1000
superior-black-contemporary-arch-shape-door-bucbk,Superior,Decorative Doors,BUCBK,Superior Black Contemporary Arch Shape Door | BUCBK |,bucbk,1000x1000
superior-black-door-bpvbk,Superior,Decorative Doors,BPVBK,Superior Black Door | BPVBK |,bpvbk,1000x1000
superior-black-facade-btcefbk,Superior,Decorative Fronts,BTCEFBK,Superior Black Facade | BTCEFBK |,btcefbk,1000x1000
superior-black-nickel-bezel-bzlb-blni-rap42,Superior,Trim Kits,BZLB-BLNI RAP42,Superior Black Nickel Bezel | BZLB-BLNI RAP42 |,bzlb-blni rap42,1000x1000
superior-black-nickel-bezel-bzlb-blni-rap54,Superior,Trim Kits,BZLB-BLNI RAP54,Superior Black Nickel Bezel | BZLB-BLNI RAP54 |,bzlb-blni rap54,1000x1000
superior-black-reflective-porcelain-liner-40lkdv2bp,Superior,Interior Panels,40LKDV2BP,Superior Black Reflective Porcelain Liner | 40LKDV2BP |,40lkdv2bp,1000x1000
superior-black-reflective-porcelain-liner-45lkdv2bp,Superior,Interior Panels,45LKDV2BP,Superior Black Reflective Porcelain Liner | 45LKDV2BP |,45lkdv2bp,1000x1000
superior-black-satin-bezel-bzlb-bls-rap54,Superior,Trim Kits,BZLB-BLS RAP54,Superior Black Satin Bezel | BZLB-BLS RAP54 |,bzlb-bls rap54,1000x1000
superior-black-steel-door-btcecbk,Superior,Decorative Doors,BTCECBK,Superior Black Steel Door | BTCECBK |,btcecbk,1000x1000
superior-brass-3-piece-trim-kit-tk3-33pb,Superior,Trim Kits,TK3-33PB,Superior Brass 3-Piece Trim Kit | TK3-33PB |,tk3-33pb,1000x1000
superior-brass-on-bronze-tinted-glass-enclosure-panel-gep-33pb,Superior,Decorative Fronts,GEP-33PB,Superior Brass on Bronze Tinted Glass Enclosure Panel | GEP-33PB |,gep-33pb,1000x1000
superior-brass-on-bronze-tinted-glass-enclosure-panel-gep-36pb,Superior,Decorative Fronts,GEP-36PB,Superior Brass on Bronze Tinted Glass Enclosure Panel | GEP-36PB |,gep-36pb,1000x1000
superior-brushed-nickel-bezel-bzlb-brni-rap42,Superior,Trim Kits,BZLB-BRNI RAP42,Superior Brushed Nickel Bezel | BZLB-BRNI RAP42 |,bzlb-brni rap42,1000x1000
superior-brushed-nickel-bezel-bzlb-brni-rap54,Superior,Trim Kits,BZLB-BRNI RAP54,Superior Brushed Nickel Bezel | BZLB-BRNI RAP54 |,bzlb-brni rap54,1000x1000
superior-buff-33-brick-liner-kit-mblk33b,Superior,Interior Panels,MBLK33B,Superior Buff 33 Brick Liner Kit | MBLK33B |,mblk33b,1000x1000
superior-cast-surround-decorative-keystone-csk-dk,Superior,Decorative Surrounds,CSK-DK,Superior Cast Surround Decorative Keystone | CSK-DK |,csk-dk,1000x1000
superior-ceramic-stack-heritage-brown-liner-eblk40bwn-s,Superior,Interior Panels,EBLK40BWN-S,Superior Ceramic Stack Heritage Brown Liner | EBLK40BWN-S |,eblk40bwn-s,1000x1000
superior-ceramic-stack-black-tie-liner-eblk45bt-s,Superior,Interior Panels,EBLK45BT-S,Superior Ceramic Stack Black Tie Liner | EBLK45BT-S |,eblk45bt-s,1000x1000
superior-ceramic-stack-old-town-red-liner-eblk40otr-s,Superior,Interior Panels,EBLK40OTR-S,Superior Ceramic Stack Old Town Red Liner | EBLK40OTR-S |,eblk40otr-s,1000x1000
superior-ceramic-stack-old-town-red-liner-eblk45otr-s,Superior,Interior Panels,EBLK45OTR-S,Superior Ceramic Stack Old Town Red Liner | EBLK45OTR-S |,eblk45otr-s,1000x1000
superior-ceramic-stack-heritage-brown-liner-eblk45bwn-s,Superior,Interior Panels,EBLK45BWN-S,Superior Ceramic Stack Heritage Brown Liner | EBLK45BWN-S |,eblk45bwn-s,1000x1000
superior-classic-andiron-kit-akc-lsm,,Additional Accessories,AKC-LSM,,akc-lsm,1000x1000
superior-clean-face-panel-kit-cappingcf,Superior,Decorative Fronts,CAPPINGCF,Superior Clean Face Panel Kit | CAPPINGCF |,cappingcf,1000x1000
superior-corner-vent-kit-vkc-58,Superior,Venting Components,VKC-58,Superior Corner Vent Kit | VKC-58 |,vkc-58,1000x1000
superior-del-sol-louver-kit-del-sol,Superior,Louvers,DEL SOL,Superior Del Sol Louver Kit | DEL SOL |,del sol,1000x1000
superior-diamante-louver-kit-diamante,Superior,Louvers,DIAMANTE,Superior Diamante Louver Kit | DIAMANTE |,diamante,1000x1000
superior-epa-fireplace-heatflo-convection-kit-epa-heatflo-kit,Superior,Heat Distribution,EPA-HEATFLO-KIT,Superior EPA Fireplace HeatFlo Convection Kit | EPA-HEATFLO-KIT |,epa-heatflo-kit,1000x1000
superior-goldfinger-glass-5lb-bag-crshgl-gf,Superior,Media Kits,CRSHGL-GF,Superior Goldfinger Glass - 5lb Bag | CRSHGL-GF |,crshgl-gf,1000x1000
superior-heat-activated-on-off-pre-wired-fan-kit-uzy5,Superior,Blowers,UZY5,Superior Heat Activated On/Off Pre-wired Fan Kit | UZY5 |,uzy5,1000x1000
superior-mission-andiron-kit-akm-lsm,,Additional Accessories,AKM-LSM,,akm-lsm,1000x1000
superior-natural-to-propane-gas-ei-conversion-kit-bi27-ck-ng-to-lp,Superior,Conversion Kits,BI27-CK-NG to LP,Superior Natural to Propane Gas EI Conversion Kit | BI27-CK-NG to LP |,bi27-ck-ng to lp,1000x1000
superior-natural-to-propane-gas-ei-conversion-kit-bi32-ck-ng-to-lp,Superior,Conversion Kits,BI32-CK-NG to LP,Superior Natural to Propane Gas EI Conversion Kit | BI32-CK-NG to LP |,bi32-ck-ng to lp,1000x1000
superior-natural-to-propane-gas-ei-conversion-kit-gck-skt526151np,Superior,Conversion Kits,GCK-SKT526151NP,Superior Natural to Propane Gas EI Conversion Kit | GCK-SKT526151NP |,gck-skt526151np,1000x1000
superior-natural-to-propane-gas-ei-conversion-kit-gck-skt537051np,Superior,Conversion Kits,GCK-SKT537051NP,Superior Natural to Propane Gas EI Conversion Kit | GCK-SKT537051NP |,gck-skt537051np,1000x1000
superior-natural-to-propane-gas-ei-conversion-kit-gck-skt557051np,Superior,Conversion Kits,GCK-SKT557051NP,Superior Natural to Propane Gas EI Conversion Kit | GCK-SKT557051NP |,gck-skt557051np,1000x1000
superior-natural-to-propane-gas-ei-conversion-kit-pcbe-36c,Superior,Conversion Kits,PCBE-36C,Superior Natural to Propane Gas EI Conversion Kit | PCBE-36C |,pcbe-36c,1000x1000
superior-natural-to-propane-gas-ei-conversion-kit-pcd-36s2,Superior,Conversion Kits,PCD-36S2,Superior Natural to Propane Gas EI Conversion Kit | PCD-36S2 |,pcd-36s2,1000x1000
superior-natural-to-propane-gas-ei-conversion-kit-pcd-42s2,Superior,Conversion Kits,PCD-42S2,Superior Natural to Propane Gas EI Conversion Kit | PCD-42S2 |,pcd-42s2,1000x1000
superior-natural-to-propane-gas-mv-conversion-kit-gcksms537051np,Superior,Conversion Kits,GCKSMS537051NP,Superior Natural to Propane Gas MV Conversion Kit | GCKSMS537051NP |,gcksms537051np,1000x1000
superior-natural-to-propane-gas-mv-conversion-kit-gcksms557051np,Superior,Conversion Kits,GCKSMS557051NP,Superior Natural to Propane Gas MV Conversion Kit | GCKSMS557051NP |,gcksms557051np,1000x1000
superior-natural-to-propane-gas-mv-conversion-kit-pcbm-36c,Superior,Conversion Kits,PCBM-36C,Superior Natural to Propane Gas MV Conversion Kit | PCBM-36C |,pcbm-36c,1000x1000
superior-natural-to-propane-gas-mv-conversion-kit-pcbm-42,Superior,Conversion Kits,PCBM-42,Superior Natural to Propane Gas MV Conversion Kit | PCBM-42 |,pcbm-42,1000x1000
superior-outside-air-kit-outairkit-es,Superior,Air Kits,OUTAIRKIT-ES,Superior Outside Air Kit | OUTAIRKIT-ES |,outairkit-es,1000x1000
superior-propane-to-natural-gas-ei-conversion-kit-bi27-ck-lp-to-ng,Superior,Conversion Kits,BI27-CK-LP to NG,Superior Propane to Natural Gas EI Conversion Kit | BI27-CK-LP to NG |,bi27-ck-lp to ng,1000x1000
superior-propane-to-natural-gas-ei-conversion-kit-bi32-ck-lp-to-ng,Superior,Conversion Kits,BI32-CK-LP to NG,Superior Propane to Natural Gas EI Conversion Kit | BI32-CK-LP to NG |,bi32-ck-lp to ng,1000x1000
superior-propane-to-natural-gas-ei-conversion-kit-gck-skt325031pn,Superior,Conversion Kits,GCK-SKT325031PN,Superior Propane to Natural Gas EI Conversion Kit | GCK-SKT325031PN |,gck-skt325031pn,1000x1000
superior-propane-to-natural-gas-ei-conversion-kit-gck-skt385131pn,Superior,Conversion Kits,GCK-SKT385131PN,Superior Propane to Natural Gas EI Conversion Kit | GCK-SKT385131PN |,gck-skt385131pn,1000x1000
superior-propane-to-natural-gas-ei-conversion-kit-gck-skt415531pn,Superior,Conversion Kits,GCK-SKT415531PN,Superior Propane to Natural Gas EI Conversion Kit | GCK-SKT415531PN |,gck-skt415531pn,1000x1000
superior-propane-to-natural-gas-ei-conversion-kit-gck-skt4242pn,Superior,Conversion Kits,GCK-SKT4242PN,Superior Propane to Natural Gas EI Conversion Kit | GCK-SKT4242PN |,gck-skt4242pn,1000x1000
superior-propane-to-natural-gas-ei-conversion-kit-gck-skt425531pn,Superior,Conversion Kits,GCK-SKT425531PN,Superior Propane to Natural Gas EI Conversion Kit | GCK-SKT425531PN |,gck-skt425531pn,1000x1000
superior-propane-to-natural-gas-ei-conversion-kit-ncbe-36c,Superior,Conversion Kits,NCBE-36C,Superior Propane to Natural Gas EI Conversion Kit | NCBE-36C |,ncbe-36c,1000x1000
superior-propane-to-natural-gas-ei-conversion-kit-ncd-36s2,Superior,Conversion Kits,NCD-36S2,Superior Propane to Natural Gas EI Conversion Kit | NCD-36S2 |,ncd-36s2,1000x1000
superior-propane-to-natural-gas-ei-conversion-kit-ncd-42s2,Superior,Conversion Kits,NCD-42S2,Superior Propane to Natural Gas EI Conversion Kit | NCD-42S2 |,ncd-42s2,1000x1000
superior-propane-to-natural-gas-mv-conversion-kit-gcksms415531pn,Superior,Conversion Kits,GCKSMS415531PN,Superior Propane to Natural Gas MV Conversion Kit | GCKSMS415531PN |,gcksms415531pn,1000x1000
superior-propane-to-natural-gas-mv-conversion-kit-gcksms425531pn,Superior,Conversion Kits,GCKSMS425531PN,Superior Propane to Natural Gas MV Conversion Kit | GCKSMS425531PN |,gcksms425531pn,1000x1000
superior-propane-to-natural-gas-mv-conversion-kit-ncbm-36c,Superior,Conversion Kits,NCBM-36C,Superior Propane to Natural Gas MV Conversion Kit | NCBM-36C |,ncbm-36c,1000x1000
superior-secure-flex-horizontal-termination-kit-sf4-5ht-2,Superior,Venting Components,SF4.5HT -2,Superior Secure Flex Horizontal Termination Kit | SF4.5HT -2 |,sf4.5ht -2,1000x1000
superior-secure-vent-12-rigid-direct-vent-pipe-sv8l12,Superior,Venting Components,SV8L12,"Superior Secure Vent 12"" Rigid Direct Vent Pipe | SV8L12 |",sv8l12,1000x1000
superior-secure-vent-6-rigid-direct-vent-pipe-sv8l6,Superior,Venting Components,SV8L6,"Superior Secure Vent 6"" Rigid Direct Vent Pipe | SV8L6 |",sv8l6,1000x1000
superior-secure-vent-attic-insulation-radiation-shield-sv8arsa,Superior,Venting Components,SV8ARSA,Superior Secure Vent Attic Insulation Radiation Shield | SV8ARSA |,sv8arsa,1000x1000
superior-secure-vent-horizontal-firestop-sv8hf,Superior,Venting Components,SV8HF,Superior Secure Vent Horizontal Firestop | SV8HF |,sv8hf,1000x1000
superior-secure-vent-corrugated-90-degree-elbow-sv8e90c,Superior,Venting Components,SV8E90C,Superior Secure Vent Corrugated 90 Degree Elbow | SV8E90C |,sv8e90c,1000x1000
superior-secure-vent-horizontal-termination-sv8htr,Superior,Venting Components,SV8HTR,Superior Secure Vent Horizontal Termination | SV8HTR |,sv8htr,1000x1000
superior-secure-vent-roof-flashing-112-712-sv8fa,Superior,Venting Components,SV8FA,Superior Secure Vent Roof Flashing 1/12-7/12 | SV8FA |,sv8fa,1000x1000
superior-secure-vent-roof-flashing-flat-sv8f,Superior,Venting Components,SV8F,"Superior Secure Vent Roof Flashing, Flat | SV8F |",sv8f,1000x1000
superior-secure-vent-support-plate-sv4-5sp,Superior,Venting Components,SV4.5SP,Superior Secure Vent Support Plate | SV4.5SP |,sv4.5sp,1000x1000
superior-secure-vent-support-plate-sv8sp,Superior,Venting Components,SV8SP,Superior Secure Vent Support Plate | SV8SP |,sv8sp,1000x1000
superior-secure-vent-sv4-5-to-secure-flex-adapter-sv4-5rf,Superior,Venting Components,SV4.5RF,Superior Secure Vent SV4.5 to Secure Flex Adapter | SV4.5RF |,sv4.5rf,1000x1000
superior-square-top-with-mesh-and-slip-section-etlo-8dm,Superior,Venting Components,ETLO-8DM,Superior Square Top with Mesh and Slip Section | ETLO-8DM |,etlo-8dm,1000x1000
superior-square-top-with-mesh-eto-8dm,Superior,Venting Components,ETO-8DM,Superior Square Top with Mesh | ETO-8DM |,eto-8dm,1000x1000
superior-secure-vent-support-strap-sv8su,Superior,Venting Components,SV8SU,Superior Secure Vent Support Strap | SV8SU |,sv8su,1000x1000
superior-stainless-40-inch-surround-3-pc-surr40-ss3s,Superior,Decorative Surrounds,SURR40-SS3S,Superior Stainless 40 inch Surround - 3 pc | SURR40-SS3S |,surr40-ss3s,1000x1000
superior-stainless-on-bronze-tinted-glass-enclosure-panel-gep-36bs,Superior,Decorative Fronts,GEP-36BS,Superior Stainless on Bronze Tinted Glass Enclosure Panel | GEP-36BS |,gep-36bs,1000x1000
superior-standard-3-prong-110v-power-cord-kit-pck,Superior,Miscellaneous,PCK,Superior Standard 3-Prong 110V Power Cord Kit | PCK |,pck,1000x1000
superior-strada-louver-kit-strada,Superior,Louvers,STRADA,Superior Strada Louver Kit | STRADA |,strada,1000x1000
superior-tacoma-red-herringbone-liner-eblk40tr-h,Superior,Interior Panels,EBLK40TR-H,Superior Tacoma Red Herringbone Liner | EBLK40TR-H |,eblk40tr-h,1000x1000
superior-tacoma-red-herringbone-liner-eblk45tr-h,Superior,Interior Panels,EBLK45TR-H,Superior Tacoma Red Herringbone Liner | EBLK45TR-H |,eblk45tr-h,1000x1000
superior-white-herringbone-circulating-traditional-epa-certified-wood-fireplace-wrt4826,Superior,Wood Fireplaces,WRT4826WH,Superior White Herringbone Circulating Traditional EPA Certified Wood Fireplace | WRT4826 |,wrt4826wh,1000x1000
superior-white-smooth-clean-faced-traditional-epa-certified-wood-fireplace-wrt4820,Superior,Wood Fireplaces,WRT4820WS,Superior White Smooth Clean-Faced Traditional EPA Certified Wood Fireplace | WRT4820 |,wrt4820ws,1000x1000
superior-white-stacked-circulating-traditional-epa-certified-wood-fireplace-wct4820,Superior,Wood Fireplaces,WCT4820WS,Superior White Stacked Circulating Traditional EPA Certified Wood Fireplace | WCT4820 |,wct4820ws,1000x1000
superior-wood-burning-vent-pipe-firestop-spacer-ihp-3600fs8dm,Superior,Venting Components,3600FS8DM,Superior Wood Burning Vent Pipe Firestop Spacer IHP | 3600FS8DM |,3600fs8dm,1000x1000
superior-wood-burning-vent-pipe-storm-collar-ihp-sc1,Superior,Venting Components,SC11,Superior Wood Burning Vent Pipe Storm Collar IHP | SC11 |,sc11,1000x1000
timberwolf-tpi35-painted-black-pellet-insert,Timberwolf,Pellet Inserts,TPI35,Timberwolf Painted Black Pellet Insert | TPI35 |,tpi35,1000x1000
timberwolf-tps35-painted-black-pellet-stove,Timberwolf,Pellet Stove,TPS35,Timberwolf Painted Black Pellet Stove | TPS35 |,tps35,1000x1000
variable-speed-manual-fan-ga3750a,Superior,Blowers,GA3750A,Superior Variable Speed Manual Fan | GA3750A |,ga3750a,1000x1000
