series,product_type,image_type,filename,filepath,priority
gianttimbersOD,Outdoor Products,Hi-Res Images,superior-vflg-gianttimbersOD-hires-2.tif,superior_source/Hi-Res Images/Outdoor Products/superior-vflg-gianttimbersOD-hires-2.tif,2
White Stacked Panel,/Superior Images/Superior Fireplace Accessories/Superior Fireplace Accessories/WRCT3000 Accessories,Web Images,White Stacked Panel.jpg,superior_source/Web Images/Superior Images/Superior Fireplace Accessories/Superior Fireplace Accessories/WRCT3000 Accessories/White Stacked Panel.jpg,
bouldermountain,Gas Logs,Hi-Res Images,superior-vflg-bouldermountain-hires-1.tif,superior_source/Hi-Res Images/Gas Logs/superior-vflg-bouldermountain-hires-1.tif,1
FA24,/Gas Logs/Vented,Web Images,FA24.jpg,superior_source/Web Images/Gas Logs/Vented/FA24.jpg,
gianttimbersOD,Outdoor Products,Hi-Res Images,superior-vflg-gianttimbersOD-hires-1.tif,superior_source/Hi-Res Images/Outdoor Products/superior-vflg-gianttimbersOD-hires-1.tif,1
WCT6820,/Indoor Fireplaces,Web Images,WCT6820.jpg,superior_source/Web Images/Indoor Fireplaces/WCT6820.jpg,
Mosaic Masonry Bi-Fold Door Platinum Finish Swatch,/Superior Images/Superior Fireplace Accessories/Superior Fireplace Accessories/WRE3000 Accessories,Web Images,Mosaic Masonry Bi-Fold Door Platinum Finish Swatch.jpg,superior_source/Web Images/Superior Images/Superior Fireplace Accessories/Superior Fireplace Accessories/WRE3000 Accessories/Mosaic Masonry Bi-Fold Door Platinum Finish Swatch.jpg,
VRL4543 1,/Superior Images/Superior Fireplaces/Superior Gas Fireplaces/Superior Vent-Free Fireplaces,Web Images,VRL4543 1.jpg,superior_source/Web Images/Superior Images/Superior Fireplaces/Superior Gas Fireplaces/Superior Vent-Free Fireplaces/VRL4543 1.jpg,1
drl4000ST,Gas Fireplaces,Hi-Res Images,superior-dvfp-drl4000ST-60-hires-1.tif,superior_source/Hi-Res Images/Gas Fireplaces/superior-dvfp-drl4000ST-60-hires-1.tif,1
drl4060ST,Gas Fireplaces,Hi-Res Images,superior-dvfp-drl4000ST-60-hires-1.tif,superior_source/Hi-Res Images/Gas Fireplaces/superior-dvfp-drl4000ST-60-hires-1.tif,1
heatflo,Gas Fireplaces,Hi-Res Images,superior-dvfp-heatflo-diagram-hires-1.tif,superior_source/Hi-Res Images/Gas Fireplaces/superior-dvfp-heatflo-diagram-hires-1.tif,1
wrt3000,Wood Fireplaces,Hi-Res Images,superior-wbfp-wrt3000-42-hires-1.tif,superior_source/Hi-Res Images/Wood Fireplaces/superior-wbfp-wrt3000-42-hires-1.tif,1
wrt3042,Wood Fireplaces,Hi-Res Images,superior-wbfp-wrt3000-42-hires-1.tif,superior_source/Hi-Res Images/Wood Fireplaces/superior-wbfp-wrt3000-42-hires-1.tif,1
DRC3500 2,/Superior Images/Superior Fireplaces/Superior Gas Fireplaces/Superior Direct Vent Fireplaces,Web Images,DRC3500 2.jpg,superior_source/Web Images/Superior Images/Superior Fireplaces/Superior Gas Fireplaces/Superior Direct Vent Fireplaces/DRC3500 2.jpg,2
VRT43ST-VCT43ST 1,/Superior Images/Superior Fireplaces/Superior Gas Fireplaces/Superior Vent-Free Fireplaces,Web Images,VRT43ST-VCT43ST 1.jpg,superior_source/Web Images/Superior Images/Superior Fireplaces/Superior Gas Fireplaces/Superior Vent-Free Fireplaces/VRT43ST-VCT43ST 1.jpg,1
WRT4826 2,/Superior Images/Superior Fireplaces/Superior Wood Burning Fireplaces,Web Images,WRT4826 2.jpg,superior_source/Web Images/Superior Images/Superior Fireplaces/Superior Wood Burning Fireplaces/WRT4826 2.jpg,2
vre4200,Outdoor Products,Hi-Res Images,superior-ovffb-vre4200-36-hires-1.tif,superior_source/Hi-Res Images/Outdoor Products/superior-ovffb-vre4200-36-hires-1.tif,1
vre4236,Outdoor Products,Hi-Res Images,superior-ovffb-vre4200-36-hires-1.tif,superior_source/Hi-Res Images/Outdoor Products/superior-ovffb-vre4200-36-hires-1.tif,1
DRL3000 2,/Superior Images/Superior Fireplaces/Superior Gas Fireplaces/Superior Direct Vent Fireplaces,Web Images,DRL3000 2.jpg,superior_source/Web Images/Superior Images/Superior Fireplaces/Superior Gas Fireplaces/Superior Direct Vent Fireplaces/DRL3000 2.jpg,2
LVS18VO,/Gas Logs/Vent-Free,Web Images,LVS18VO.jpg,superior_source/Web Images/Gas Logs/Vent-Free/LVS18VO.jpg,
drt4000,Gas Fireplaces,Hi-Res Images,superior-dvfp-drt4000-40-hires-1.tif,superior_source/Hi-Res Images/Gas Fireplaces/superior-dvfp-drt4000-40-hires-1.tif,1
drt4040,Gas Fireplaces,Hi-Res Images,superior-dvfp-drt4000-40-hires-1.tif,superior_source/Hi-Res Images/Gas Fireplaces/superior-dvfp-drt4000-40-hires-1.tif,1
drl2000,Gas Fireplaces,Hi-Res Images,superior-dvfp-drl2000-35-hires-1.tif,superior_source/Hi-Res Images/Gas Fireplaces/superior-dvfp-drl2000-35-hires-1.tif,1
drl2035,Gas Fireplaces,Hi-Res Images,superior-dvfp-drl2000-35-hires-1.tif,superior_source/Hi-Res Images/Gas Fireplaces/superior-dvfp-drl2000-35-hires-1.tif,1
Porcelain-Liner,/Superior Images/Superior Fireplace Accessories/Superior Fireplace Accessories/DRT6300 Accessories,Web Images,Porcelain-Liner.jpg,superior_source/Web Images/Superior Images/Superior Fireplace Accessories/Superior Fireplace Accessories/DRT6300 Accessories/Porcelain-Liner.jpg,
VRT2000,/Indoor Fireplaces,Web Images,VRT2000.jpg,superior_source/Web Images/Indoor Fireplaces/VRT2000.jpg,
Mossy Oak LMF-MO,/Superior Images/Superior Gas Logs/Superior Vent-Free Logs,Web Images,Mossy Oak LMF-MO.jpg,superior_source/Web Images/Superior Images/Superior Gas Logs/Superior Vent-Free Logs/Mossy Oak LMF-MO.jpg,
DRT4500_Liners_DT_25082837_Print,/Indoor Fireplaces,Web Images,DRT4500_Liners_DT_25082837_Print.jpg,superior_source/Web Images/Indoor Fireplaces/DRT4500_Liners_DT_25082837_Print.jpg,
DRT40PF,/Superior Images/Superior Fireplaces/Superior Gas Fireplaces/Superior Direct Vent Fireplaces,Web Images,DRT40PF.jpg,superior_source/Web Images/Superior Images/Superior Fireplaces/Superior Gas Fireplaces/Superior Direct Vent Fireplaces/DRT40PF.jpg,
mossyoakOD,Gas Logs,Hi-Res Images,superior-vflg-mossyoakOD-hires-2.tif,superior_source/Hi-Res Images/Gas Logs/superior-vflg-mossyoakOD-hires-2.tif,2
DRI3030C-Contemporary-Face---Black,/Superior Images/Superior Fireplace Accessories/Superior Fireplace Accessories/DRI3030C Accessories,Web Images,DRI3030C-Contemporary-Face---Black.jpg,superior_source/Web Images/Superior Images/Superior Fireplace Accessories/Superior Fireplace Accessories/DRI3030C Accessories/DRI3030C-Contemporary-Face---Black.jpg,
goldenoak,Gas Logs,Hi-Res Images,superior-vflg-goldenoak-hires-1.tif,superior_source/Hi-Res Images/Gas Logs/superior-vflg-goldenoak-hires-1.tif,1
dri2000,Stoves _ Inserts,Hi-Res Images,superior-dvin-dri2000-32-hires-1.tif,superior_source/Hi-Res Images/Stoves _ Inserts/superior-dvin-dri2000-32-hires-1.tif,1
dri2032,Stoves _ Inserts,Hi-Res Images,superior-dvin-dri2000-32-hires-1.tif,superior_source/Hi-Res Images/Stoves _ Inserts/superior-dvin-dri2000-32-hires-1.tif,1
DRL4060 ROOM,/Superior Images/Superior Fireplaces/Superior Gas Fireplaces/Superior Direct Vent Fireplaces,Web Images,DRL4060 ROOM.jpg,superior_source/Web Images/Superior Images/Superior Fireplaces/Superior Gas Fireplaces/Superior Direct Vent Fireplaces/DRL4060 ROOM.jpg,
VRE4500 2,/Superior Images/Superior Outdoor Products,Web Images,VRE4500 2.jpg,superior_source/Web Images/Superior Images/Superior Outdoor Products/VRE4500 2.jpg,2
LTF24RS,/Gas Logs/Vent-Free,Web Images,LTF24RS.jpg,superior_source/Web Images/Gas Logs/Vent-Free/LTF24RS.jpg,
Under Hearth Wood Nook,/Superior Images/Superior Fireplace Accessories/Superior Fireplace Accessories/WRT6000 Accessories,Web Images,Under Hearth Wood Nook.jpg,superior_source/Web Images/Superior Images/Superior Fireplace Accessories/Superior Fireplace Accessories/WRT6000 Accessories/Under Hearth Wood Nook.jpg,
Light-Tint-Outdoor-Window-Kit,/Superior Images/Superior Fireplace Accessories/Superior Fireplace Accessories/DRT63ST Accessories,Web Images,Light-Tint-Outdoor-Window-Kit.jpg,superior_source/Web Images/Superior Images/Superior Fireplace Accessories/Superior Fireplace Accessories/DRT63ST Accessories/Light-Tint-Outdoor-Window-Kit.jpg,
_WRT4800_Warm Red Stacked_12655485,/Indoor Fireplaces,Web Images,Superior_WRT4800_Warm Red Stacked_12655485.jpg,superior_source/Web Images/Indoor Fireplaces/Superior_WRT4800_Warm Red Stacked_12655485.jpg,
vrt6000,Gas Fireplaces,Hi-Res Images,superior-vffb-vrt6000-42-hires-1.tif,superior_source/Hi-Res Images/Gas Fireplaces/superior-vffb-vrt6000-42-hires-1.tif,1
vrt6042,Gas Fireplaces,Hi-Res Images,superior-vffb-vrt6000-42-hires-1.tif,superior_source/Hi-Res Images/Gas Fireplaces/superior-vffb-vrt6000-42-hires-1.tif,1
DRI3030-Traditional-Face-Mink,/Superior Images/Superior Fireplace Accessories/Superior Fireplace Accessories/DRI3030 Accessories,Web Images,DRI3030-Traditional-Face-Mink.jpg,superior_source/Web Images/Superior Images/Superior Fireplace Accessories/Superior Fireplace Accessories/DRI3030 Accessories/DRI3030-Traditional-Face-Mink.jpg,
DRL6500 2,/Superior Images/Superior Fireplaces/Superior Gas Fireplaces/Superior Direct Vent Fireplaces,Web Images,DRL6500 2.jpg,superior_source/Web Images/Superior Images/Superior Fireplaces/Superior Gas Fireplaces/Superior Direct Vent Fireplaces/DRL6500 2.jpg,2
MHD3000 MH,/Superior Images/Superior Manufactured Housing,Web Images,MHD3000 MH.jpg,superior_source/Web Images/Superior Images/Superior Manufactured Housing/MHD3000 MH.jpg,
Massive Mixed Oak LTF-MM,/Superior Images/Superior Gas Logs/Superior Vent-Free Logs,Web Images,Massive Mixed Oak LTF-MM.jpg,superior_source/Web Images/Superior Images/Superior Gas Logs/Superior Vent-Free Logs/Massive Mixed Oak LTF-MM.jpg,
Manchester Oak FDLCR,/Superior Images/Superior Gas Logs/Superior Vented Logs,Web Images,Manchester Oak FDLCR.jpg,superior_source/Web Images/Superior Images/Superior Gas Logs/Superior Vented Logs/Manchester Oak FDLCR.jpg,
Mosaic Masonry Bi-Fold Door Ebony Finish,/Superior Images/Superior Fireplace Accessories/Superior Fireplace Accessories/WRE3000 Accessories,Web Images,Mosaic Masonry Bi-Fold Door Ebony Finish.jpg,superior_source/Web Images/Superior Images/Superior Fireplace Accessories/Superior Fireplace Accessories/WRE3000 Accessories/Mosaic Masonry Bi-Fold Door Ebony Finish.jpg,
drt3000,Gas Fireplaces,Hi-Res Images,superior-dvfp-drt3000-40-hires-2.tif,superior_source/Hi-Res Images/Gas Fireplaces/superior-dvfp-drt3000-40-hires-2.tif,2
drt3040,Gas Fireplaces,Hi-Res Images,superior-dvfp-drt3000-40-hires-2.tif,superior_source/Hi-Res Images/Gas Fireplaces/superior-dvfp-drt3000-40-hires-2.tif,2
vrt2500,Gas Fireplaces,Hi-Res Images,superior-vffb-vrt2500-36-hires-1.tif,superior_source/Hi-Res Images/Gas Fireplaces/superior-vffb-vrt2500-36-hires-1.tif,1
vrt2536,Gas Fireplaces,Hi-Res Images,superior-vffb-vrt2500-36-hires-1.tif,superior_source/Hi-Res Images/Gas Fireplaces/superior-vffb-vrt2500-36-hires-1.tif,1
DRT40CL_Liner_Shareable_Print,/Indoor Fireplaces,Web Images,DRT40CL_Liner_Shareable_Print.jpg,superior_source/Web Images/Indoor Fireplaces/DRT40CL_Liner_Shareable_Print.jpg,
Wild Timber LTF-WT,/Superior Images/Superior Gas Logs/Superior Vent-Free Logs,Web Images,Wild Timber LTF-WT.jpg,superior_source/Web Images/Superior Images/Superior Gas Logs/Superior Vent-Free Logs/Wild Timber LTF-WT.jpg,
VRE4543 1,/Superior Images/Superior Outdoor Products,Web Images,VRE4543 1.jpg,superior_source/Web Images/Superior Images/Superior Outdoor Products/VRE4543 1.jpg,1
drl3500,Gas Fireplaces,Hi-Res Images,superior-dvfp-drl3500-45-hires-1.tif,superior_source/Hi-Res Images/Gas Fireplaces/superior-dvfp-drl3500-45-hires-1.tif,1
drl3545,Gas Fireplaces,Hi-Res Images,superior-dvfp-drl3500-45-hires-1.tif,superior_source/Hi-Res Images/Gas Fireplaces/superior-dvfp-drl3500-45-hires-1.tif,1
WRT4820 2,/Superior Images/Superior Fireplaces/Superior Wood Burning Fireplaces,Web Images,WRT4820 2.jpg,superior_source/Web Images/Superior Images/Superior Fireplaces/Superior Wood Burning Fireplaces/WRT4820 2.jpg,2
DRI3030-Zen-Garden-Liner,/Superior Images/Superior Fireplace Accessories/Superior Fireplace Accessories/DRI3030 Accessories,Web Images,DRI3030-Zen-Garden-Liner.jpg,superior_source/Web Images/Superior Images/Superior Fireplace Accessories/Superior Fireplace Accessories/DRI3030 Accessories/DRI3030-Zen-Garden-Liner.jpg,
mossyoakOD,Outdoor Products,Hi-Res Images,superior-vflg-mossyoakOD-hires-1.tif,superior_source/Hi-Res Images/Outdoor Products/superior-vflg-mossyoakOD-hires-1.tif,1
WCT6840 Hammered Steel Façade,/Superior Images/Superior Fireplace Accessories/Superior Fireplace Accessories/WCT6840 Accessories,Web Images,WCT6840 Hammered Steel Façade.jpg,superior_source/Web Images/Superior Images/Superior Fireplace Accessories/Superior Fireplace Accessories/WCT6840 Accessories/WCT6840 Hammered Steel Façade.jpg,
VRL4543 Decorative Face Trim Frame Black,/Superior Images/Superior Fireplace Accessories/Superior Fireplace Accessories/VRL4543 Accessories,Web Images,VRL4543 Decorative Face Trim Frame Black.jpg,superior_source/Web Images/Superior Images/Superior Fireplace Accessories/Superior Fireplace Accessories/VRL4543 Accessories/VRL4543 Decorative Face Trim Frame Black.jpg,
BRT4000,/Indoor Fireplaces,Web Images,BRT4000.jpg,superior_source/Web Images/Indoor Fireplaces/BRT4000.jpg,
WRT3000,/Indoor Fireplaces,Web Images,WRT3000.jpg,superior_source/Web Images/Indoor Fireplaces/WRT3000.jpg,
Old-Town-Red-Brick-Heringbone-Liner,/Superior Images/Superior Fireplace Accessories/Superior Fireplace Accessories/DRT3500 Accessories,Web Images,Old-Town-Red-Brick-Heringbone-Liner.jpg,superior_source/Web Images/Superior Images/Superior Fireplace Accessories/Superior Fireplace Accessories/DRT3500 Accessories/Old-Town-Red-Brick-Heringbone-Liner.jpg,
MHW36CBREV,/Indoor Fireplaces,Web Images,MHW36CBREV.jpg,superior_source/Web Images/Indoor Fireplaces/MHW36CBREV.jpg,
Manchester Oak FMLR,/Superior Images/Superior Gas Logs/Superior Vented Logs,Web Images,Manchester Oak FMLR.jpg,superior_source/Web Images/Superior Images/Superior Gas Logs/Superior Vented Logs/Manchester Oak FMLR.jpg,
WCT6840 2,/Superior Images/Superior Fireplaces/Superior Wood Burning Fireplaces,Web Images,WCT6840 2.jpg,superior_source/Web Images/Superior Images/Superior Fireplaces/Superior Wood Burning Fireplaces/WCT6840 2.jpg,2
drl4000,Gas Fireplaces,Hi-Res Images,superior-dvfp-drl4000-72-hires-1.tif,superior_source/Hi-Res Images/Gas Fireplaces/superior-dvfp-drl4000-72-hires-1.tif,1
drl4072,Gas Fireplaces,Hi-Res Images,superior-dvfp-drl4000-72-hires-1.tif,superior_source/Hi-Res Images/Gas Fireplaces/superior-dvfp-drl4000-72-hires-1.tif,1
VRT3000-VCT3000 1,/Superior Images/Superior Fireplaces/Superior Gas Fireplaces/Superior Vent-Free Fireplaces,Web Images,VRT3000-VCT3000 1.jpg,superior_source/Web Images/Superior Images/Superior Fireplaces/Superior Gas Fireplaces/Superior Vent-Free Fireplaces/VRT3000-VCT3000 1.jpg,1
Mosaic Masonry Bi-Fold Door Ebony Finish,/Superior Images/Superior Fireplace Accessories/Superior Fireplace Accessories/WRT6000 Accessories,Web Images,Mosaic Masonry Bi-Fold Door Ebony Finish.jpg,superior_source/Web Images/Superior Images/Superior Fireplace Accessories/Superior Fireplace Accessories/WRT6000 Accessories/Mosaic Masonry Bi-Fold Door Ebony Finish.jpg,
VRT3000,/Indoor Fireplaces,Web Images,VRT3000.jpg,superior_source/Web Images/Indoor Fireplaces/VRT3000.jpg,
VRE4543 2,/Superior Images/Superior Outdoor Products,Web Images,VRE4543 2.jpg,superior_source/Web Images/Superior Images/Superior Outdoor Products/VRE4543 2.jpg,2
DXS3030TMNV,/Superior Images/Superior Stoves,Web Images,DXS3030TMNV.jpg,superior_source/Web Images/Superior Images/Superior Stoves/DXS3030TMNV.jpg,
WRT4542,/Indoor Fireplaces,Web Images,WRT4542.jpg,superior_source/Web Images/Indoor Fireplaces/WRT4542.jpg,
drl4543,Gas Fireplaces,Hi-Res Images,superior-dvfp-drl4543-hires-1.tif,superior_source/Hi-Res Images/Gas Fireplaces/superior-dvfp-drl4543-hires-1.tif,1
Cast Surround Kit,/Superior Images/Superior Fireplace Accessories/Superior Fireplace Accessories/WRT3820 Accessories,Web Images,Cast Surround Kit.jpg,superior_source/Web Images/Superior Images/Superior Fireplace Accessories/Superior Fireplace Accessories/WRT3820 Accessories/Cast Surround Kit.jpg,
WRT3000-WCT3000 2,/Superior Images/Superior Fireplaces/Superior Wood Burning Fireplaces,Web Images,WRT3000-WCT3000 2.jpg,superior_source/Web Images/Superior Images/Superior Fireplaces/Superior Wood Burning Fireplaces/WRT3000-WCT3000 2.jpg,2
FSLR24,/Gas Logs/Vented,Web Images,FSLR24.jpg,superior_source/Web Images/Gas Logs/Vented/FSLR24.jpg,
FB24,/Gas Logs/Vented,Web Images,FB24.jpg,superior_source/Web Images/Gas Logs/Vented/FB24.jpg,
Rectangle Wood Nook,/Indoor Fireplaces,Web Images,Rectangle Wood Nook.jpg,superior_source/Web Images/Indoor Fireplaces/Rectangle Wood Nook.jpg,
drc3500,Gas Fireplaces,Hi-Res Images,superior-dvfp-drc3500-40-hires-1.tif,superior_source/Hi-Res Images/Gas Fireplaces/superior-dvfp-drc3500-40-hires-1.tif,1
drc3540,Gas Fireplaces,Hi-Res Images,superior-dvfp-drc3500-40-hires-1.tif,superior_source/Hi-Res Images/Gas Fireplaces/superior-dvfp-drc3500-40-hires-1.tif,1
drl3500,Gas Fireplaces,Hi-Res Images,superior-dvfp-drl3500-55-hires-2.tif,superior_source/Hi-Res Images/Gas Fireplaces/superior-dvfp-drl3500-55-hires-2.tif,2
drl3555,Gas Fireplaces,Hi-Res Images,superior-dvfp-drl3500-55-hires-2.tif,superior_source/Hi-Res Images/Gas Fireplaces/superior-dvfp-drl3500-55-hires-2.tif,2
drt4200,Gas Fireplaces,Hi-Res Images,superior-dvfp-drt4200-45-hires-2.tif,superior_source/Hi-Res Images/Gas Fireplaces/superior-dvfp-drt4200-45-hires-2.tif,2
drt4245,Gas Fireplaces,Hi-Res Images,superior-dvfp-drt4200-45-hires-2.tif,superior_source/Hi-Res Images/Gas Fireplaces/superior-dvfp-drt4200-45-hires-2.tif,2
Mosaic Masonry Bi-Fold Door Pewter Finish,/Superior Images/Superior Fireplace Accessories/Superior Fireplace Accessories/WRT6000 Accessories,Web Images,Mosaic Masonry Bi-Fold Door Pewter Finish.jpg,superior_source/Web Images/Superior Images/Superior Fireplace Accessories/Superior Fireplace Accessories/WRT6000 Accessories/Mosaic Masonry Bi-Fold Door Pewter Finish.jpg,
WRE4500 1,/Superior Images/Superior Outdoor Products,Web Images,WRE4500 1.jpg,superior_source/Web Images/Superior Images/Superior Outdoor Products/WRE4500 1.jpg,1
WRT2000-WCT2000 1,/Superior Images/Superior Fireplaces/Superior Wood Burning Fireplaces,Web Images,WRT2000-WCT2000 1.jpg,superior_source/Web Images/Superior Images/Superior Fireplaces/Superior Wood Burning Fireplaces/WRT2000-WCT2000 1.jpg,1
wildtimber,Gas Logs,Hi-Res Images,superior-vflg-wildtimber-hires-1.tif,superior_source/Hi-Res Images/Gas Logs/superior-vflg-wildtimber-hires-1.tif,1
DRI3030-Red-Brick-Liner,/Superior Images/Superior Fireplace Accessories/Superior Fireplace Accessories/DRI3030 Accessories,Web Images,DRI3030-Red-Brick-Liner.jpg,superior_source/Web Images/Superior Images/Superior Fireplace Accessories/Superior Fireplace Accessories/DRI3030 Accessories/DRI3030-Red-Brick-Liner.jpg,
DRC3500 1,/Superior Images/Superior Fireplaces/Superior Gas Fireplaces/Superior Direct Vent Fireplaces,Web Images,DRC3500 1.jpg,superior_source/Web Images/Superior Images/Superior Fireplaces/Superior Gas Fireplaces/Superior Direct Vent Fireplaces/DRC3500 1.jpg,1
drt4000PF,Gas Fireplaces,Hi-Res Images,superior-dvfp-drt4000PF-40-hires-1.tif,superior_source/Hi-Res Images/Gas Fireplaces/superior-dvfp-drt4000PF-40-hires-1.tif,1
drt4040PF,Gas Fireplaces,Hi-Res Images,superior-dvfp-drt4000PF-40-hires-1.tif,superior_source/Hi-Res Images/Gas Fireplaces/superior-dvfp-drt4000PF-40-hires-1.tif,1
Rugged Stack LTF-RS,/Superior Images/Superior Gas Logs/Superior Vent-Free Logs,Web Images,Rugged Stack LTF-RS.jpg,superior_source/Web Images/Superior Images/Superior Gas Logs/Superior Vent-Free Logs/Rugged Stack LTF-RS.jpg,
DRL6500_DT_20862559_Print_notools,/Indoor Fireplaces,Web Images,DRL6500_DT_20862559_Print_notools.jpg,superior_source/Web Images/Indoor Fireplaces/DRL6500_DT_20862559_Print_notools.jpg,
DRT35ST,/Superior Images/Superior Fireplaces/Superior Gas Fireplaces/Superior Direct Vent Fireplaces,Web Images,DRT35ST.jpg,superior_source/Web Images/Superior Images/Superior Fireplaces/Superior Gas Fireplaces/Superior Direct Vent Fireplaces/DRT35ST.jpg,
gianttimbers,Gas Logs,Hi-Res Images,superior-vflg-gianttimbers-hires-1.tif,superior_source/Hi-Res Images/Gas Logs/superior-vflg-gianttimbers-hires-1.tif,1
drt4000CL,Gas Fireplaces,Hi-Res Images,superior-dvfp-drt4000CL-40-hires-1.tif,superior_source/Hi-Res Images/Gas Fireplaces/superior-dvfp-drt4000CL-40-hires-1.tif,1
drt4040CL,Gas Fireplaces,Hi-Res Images,superior-dvfp-drt4000CL-40-hires-1.tif,superior_source/Hi-Res Images/Gas Fireplaces/superior-dvfp-drt4000CL-40-hires-1.tif,1
drt3500ST,Gas Fireplaces,Hi-Res Images,superior-dvfp-drt3500ST-35-hires-1.tif,superior_source/Hi-Res Images/Gas Fireplaces/superior-dvfp-drt3500ST-35-hires-1.tif,1
drt3535ST,Gas Fireplaces,Hi-Res Images,superior-dvfp-drt3500ST-35-hires-1.tif,superior_source/Hi-Res Images/Gas Fireplaces/superior-dvfp-drt3500ST-35-hires-1.tif,1
drt400ST,Gas Fireplaces,Hi-Res Images,superior-dvfp-drt400ST-40-hires-2.tif,superior_source/Hi-Res Images/Gas Fireplaces/superior-dvfp-drt400ST-40-hires-2.tif,2
drt440ST,Gas Fireplaces,Hi-Res Images,superior-dvfp-drt400ST-40-hires-2.tif,superior_source/Hi-Res Images/Gas Fireplaces/superior-dvfp-drt400ST-40-hires-2.tif,2
Golden Oak LVD-GO,/Superior Images/Superior Gas Logs/Superior Vent-Free Logs,Web Images,Golden Oak LVD-GO.jpg,superior_source/Web Images/Superior Images/Superior Gas Logs/Superior Vent-Free Logs/Golden Oak LVD-GO.jpg,
WCT4820,/Indoor Fireplaces,Web Images,WCT4820.jpg,superior_source/Web Images/Indoor Fireplaces/WCT4820.jpg,
WRT4500 1,/Superior Images/Superior Fireplaces/Superior Wood Burning Fireplaces,Web Images,WRT4500 1.jpg,superior_source/Web Images/Superior Images/Superior Fireplaces/Superior Wood Burning Fireplaces/WRT4500 1.jpg,1
Mosaic Masonry Bi-Fold Door Brushed Brass Finish Swatch,/Superior Images/Superior Fireplace Accessories/Superior Fireplace Accessories/WRCT3000 Accessories,Web Images,Mosaic Masonry Bi-Fold Door Brushed Brass Finish Swatch.jpg,superior_source/Web Images/Superior Images/Superior Fireplace Accessories/Superior Fireplace Accessories/WRCT3000 Accessories/Mosaic Masonry Bi-Fold Door Brushed Brass Finish Swatch.jpg,
mossyoakOD,Outdoor Products,Hi-Res Images,superior-vflg-mossyoakOD-hires-2.tif,superior_source/Hi-Res Images/Outdoor Products/superior-vflg-mossyoakOD-hires-2.tif,2
Century Oak LVD-CO,/Superior Images/Superior Gas Logs/Superior Vent-Free Logs,Web Images,Century Oak LVD-CO.jpg,superior_source/Web Images/Superior Images/Superior Gas Logs/Superior Vent-Free Logs/Century Oak LVD-CO.jpg,
DRT2000,/Superior Images/Superior Fireplaces/Superior Gas Fireplaces/Superior Direct Vent Fireplaces,Web Images,DRT2000.jpg,superior_source/Web Images/Superior Images/Superior Fireplaces/Superior Gas Fireplaces/Superior Direct Vent Fireplaces/DRT2000.jpg,
DRT404045 1,/Superior Images/Superior Fireplaces/Superior Gas Fireplaces/Superior Direct Vent Fireplaces,Web Images,DRT404045 1.jpg,superior_source/Web Images/Superior Images/Superior Fireplaces/Superior Gas Fireplaces/Superior Direct Vent Fireplaces/DRT404045 1.jpg,1
White Herringbone Panel,/Superior Images/Superior Fireplace Accessories/Superior Fireplace Accessories/WRCT3000 Accessories,Web Images,White Herringbone Panel.jpg,superior_source/Web Images/Superior Images/Superior Fireplace Accessories/Superior Fireplace Accessories/WRCT3000 Accessories/White Herringbone Panel.jpg,
WRT40 PF,/Indoor Fireplaces,Web Images,WRT40 PF.jpg,superior_source/Web Images/Indoor Fireplaces/WRT40 PF.jpg,
VRT6000 2,/Superior Images/Superior Fireplaces/Superior Gas Fireplaces/Superior Vent-Free Fireplaces,Web Images,VRT6000 2.jpg,superior_source/Web Images/Superior Images/Superior Fireplaces/Superior Gas Fireplaces/Superior Vent-Free Fireplaces/VRT6000 2.jpg,2
brt4000,Gas Fireplaces,Hi-Res Images,superior-bvfp-brt4000-4336-hires-1.tif,superior_source/Hi-Res Images/Gas Fireplaces/superior-bvfp-brt4000-4336-hires-1.tif,1
brt4336,Gas Fireplaces,Hi-Res Images,superior-bvfp-brt4000-4336-hires-1.tif,superior_source/Hi-Res Images/Gas Fireplaces/superior-bvfp-brt4000-4336-hires-1.tif,1
drt2000,Gas Fireplaces,Hi-Res Images,superior-dvfp-drt2000-35-hires-2.tif,superior_source/Hi-Res Images/Gas Fireplaces/superior-dvfp-drt2000-35-hires-2.tif,2
drt2035,Gas Fireplaces,Hi-Res Images,superior-dvfp-drt2000-35-hires-2.tif,superior_source/Hi-Res Images/Gas Fireplaces/superior-dvfp-drt2000-35-hires-2.tif,2
_Linear and Square Surrounds,/Accessories/Decorative Surround Kits,Web Images,SUPERIOR_Linear and Square Surrounds.jpg,superior_source/Web Images/Accessories/Decorative Surround Kits/SUPERIOR_Linear and Square Surrounds.jpg,
vre4600,Outdoor Products,Hi-Res Images,superior-ovffp-vre4600-72-hires-1.tif,superior_source/Hi-Res Images/Outdoor Products/superior-ovffp-vre4600-72-hires-1.tif,1
vre4672,Outdoor Products,Hi-Res Images,superior-ovffp-vre4600-72-hires-1.tif,superior_source/Hi-Res Images/Outdoor Products/superior-ovffp-vre4600-72-hires-1.tif,1
wrt6000,Wood Fireplaces,Hi-Res Images,superior-wbfp-wrt6000-42-hires-1.tif,superior_source/Hi-Res Images/Wood Fireplaces/superior-wbfp-wrt6000-42-hires-1.tif,1
wrt6042,Wood Fireplaces,Hi-Res Images,superior-wbfp-wrt6000-42-hires-1.tif,superior_source/Hi-Res Images/Wood Fireplaces/superior-wbfp-wrt6000-42-hires-1.tif,1
VRL4543 2,/Superior Images/Superior Fireplaces/Superior Gas Fireplaces/Superior Vent-Free Fireplaces,Web Images,VRL4543 2.jpg,superior_source/Web Images/Superior Images/Superior Fireplaces/Superior Gas Fireplaces/Superior Vent-Free Fireplaces/VRL4543 2.jpg,2
DRT40ST_Liners_Shareable_Print,/Indoor Fireplaces,Web Images,DRT40ST_Liners_Shareable_Print.jpg,superior_source/Web Images/Indoor Fireplaces/DRT40ST_Liners_Shareable_Print.jpg,
Giant Timbers OD LMF-GT,/Superior Images/Superior Outdoor Products,Web Images,Giant Timbers OD LMF-GT.jpg,superior_source/Web Images/Superior Images/Superior Outdoor Products/Giant Timbers OD LMF-GT.jpg,
DRC6300 1,/Superior Images/Superior Fireplaces/Superior Gas Fireplaces/Superior Direct Vent Fireplaces,Web Images,DRC6300 1.jpg,superior_source/Web Images/Superior Images/Superior Fireplaces/Superior Gas Fireplaces/Superior Direct Vent Fireplaces/DRC6300 1.jpg,1
drt63ST,Gas Fireplaces,Hi-Res Images,superior-dvfp-drt63ST-hires-1.tif,superior_source/Hi-Res Images/Gas Fireplaces/superior-dvfp-drt63ST-hires-1.tif,1
MHD35_Liners_ST_20743306_Print,/Indoor Fireplaces,Web Images,MHD35_Liners_ST_20743306_Print.jpg,superior_source/Web Images/Indoor Fireplaces/MHD35_Liners_ST_20743306_Print.jpg,
mosskyoak,Gas Logs,Hi-Res Images,superior-vflg-mosskyoak-hires-1.tif,superior_source/Hi-Res Images/Gas Logs/superior-vflg-mosskyoak-hires-1.tif,1
Crescent Hill LVD-CH,/Superior Images/Superior Gas Logs/Superior Vent-Free Logs,Web Images,Crescent Hill LVD-CH.jpg,superior_source/Web Images/Superior Images/Superior Gas Logs/Superior Vent-Free Logs/Crescent Hill LVD-CH.jpg,
VRT2000-VCT2000,/Superior Images/Superior Fireplaces/Superior Gas Fireplaces/Superior Vent-Free Fireplaces,Web Images,VRT2000-VCT2000.jpg,superior_source/Web Images/Superior Images/Superior Fireplaces/Superior Gas Fireplaces/Superior Vent-Free Fireplaces/VRT2000-VCT2000.jpg,
DRC6300_DT_12662416_Print,/Indoor Fireplaces,Web Images,DRC6300_DT_12662416_Print.jpg,superior_source/Web Images/Indoor Fireplaces/DRC6300_DT_12662416_Print.jpg,
WRT2000,/Indoor Fireplaces,Web Images,WRT2000.jpg,superior_source/Web Images/Indoor Fireplaces/WRT2000.jpg,
DRI2032,/Superior Images/Superior Inserts,Web Images,DRI2032.jpg,superior_source/Web Images/Superior Images/Superior Inserts/DRI2032.jpg,
_WRT6800_Ivory Stacked_16240401,/Indoor Fireplaces,Web Images,Superior_WRT6800_Ivory Stacked_16240401.jpg,superior_source/Web Images/Indoor Fireplaces/Superior_WRT6800_Ivory Stacked_16240401.jpg,
DRT6300-Oak-Log-Set,/Superior Images/Superior Fireplace Accessories/Superior Fireplace Accessories/DRT6300 Accessories,Web Images,DRT6300-Oak-Log-Set.jpg,superior_source/Web Images/Superior Images/Superior Fireplace Accessories/Superior Fireplace Accessories/DRT6300 Accessories/DRT6300-Oak-Log-Set.jpg,
BRT2500,/Indoor Fireplaces,Web Images,BRT2500.jpg,superior_source/Web Images/Indoor Fireplaces/BRT2500.jpg,
WCT6840 Hammered Steel Door,/Superior Images/Superior Fireplace Accessories/Superior Fireplace Accessories/WCT6840 Accessories,Web Images,WCT6840 Hammered Steel Door.jpg,superior_source/Web Images/Superior Images/Superior Fireplace Accessories/Superior Fireplace Accessories/WCT6840 Accessories/WCT6840 Hammered Steel Door.jpg,
DRI3030TEN,/Superior Images/Superior Inserts,Web Images,DRI3030TEN.jpg,superior_source/Web Images/Superior Images/Superior Inserts/DRI3030TEN.jpg,
DRL4060 ST,/Superior Images/Superior Fireplaces/Superior Gas Fireplaces/Superior Direct Vent Fireplaces,Web Images,DRL4060 ST.jpg,superior_source/Web Images/Superior Images/Superior Fireplaces/Superior Gas Fireplaces/Superior Direct Vent Fireplaces/DRL4060 ST.jpg,
DRT403642 1,/Superior Images/Superior Fireplaces/Superior Gas Fireplaces/Superior Direct Vent Fireplaces,Web Images,DRT403642 1.jpg,superior_source/Web Images/Superior Images/Superior Fireplaces/Superior Gas Fireplaces/Superior Direct Vent Fireplaces/DRT403642 1.jpg,1
wxs2016,Stoves _ Inserts,Hi-Res Images,superior-wbst-wxs2016-hires-1.tif,superior_source/Hi-Res Images/Stoves _ Inserts/superior-wbst-wxs2016-hires-1.tif,1
drt3000,Gas Fireplaces,Hi-Res Images,superior-dvfp-drt3000-40-hires-1.tif,superior_source/Hi-Res Images/Gas Fireplaces/superior-dvfp-drt3000-40-hires-1.tif,1
drt3040,Gas Fireplaces,Hi-Res Images,superior-dvfp-drt3000-40-hires-1.tif,superior_source/Hi-Res Images/Gas Fireplaces/superior-dvfp-drt3000-40-hires-1.tif,1
WRE3000,/Superior Images/Superior Outdoor Products,Web Images,WRE3000.jpg,superior_source/Web Images/Superior Images/Superior Outdoor Products/WRE3000.jpg,
WCT4820 Victorian Arch Shape Doors Black,/Superior Images/Superior Fireplace Accessories/Superior Fireplace Accessories/WCT4820 Accessories,Web Images,WCT4820 Victorian Arch Shape Doors Black.jpg,superior_source/Web Images/Superior Images/Superior Fireplace Accessories/Superior Fireplace Accessories/WCT4820 Accessories/WCT4820 Victorian Arch Shape Doors Black.jpg,
"Glass-Media,-Reflective-Blue",/Superior Images/Superior Fireplace Accessories/Superior Fireplace Accessories/DRL6500 Accessories,Web Images,"Glass-Media,-Reflective-Blue.jpg","superior_source/Web Images/Superior Images/Superior Fireplace Accessories/Superior Fireplace Accessories/DRL6500 Accessories/Glass-Media,-Reflective-Blue.jpg",
VRT4500 1,/Superior Images/Superior Fireplaces/Superior Gas Fireplaces/Superior Vent-Free Fireplaces,Web Images,VRT4500 1.jpg,superior_source/Web Images/Superior Images/Superior Fireplaces/Superior Gas Fireplaces/Superior Vent-Free Fireplaces/VRT4500 1.jpg,1
Porcelain-Liner,/Superior Images/Superior Fireplace Accessories/Superior Fireplace Accessories/VRCT3000 Accessories,Web Images,Porcelain-Liner.jpg,superior_source/Web Images/Superior Images/Superior Fireplace Accessories/Superior Fireplace Accessories/VRCT3000 Accessories/Porcelain-Liner.jpg,
vre4300,Outdoor Products,Hi-Res Images,superior-ovffp-vre4300-42-hires-1.tif,superior_source/Hi-Res Images/Outdoor Products/superior-ovffp-vre4300-42-hires-1.tif,1
vre4342,Outdoor Products,Hi-Res Images,superior-ovffp-vre4300-42-hires-1.tif,superior_source/Hi-Res Images/Outdoor Products/superior-ovffp-vre4300-42-hires-1.tif,1
Multi-Sided FVFM27,/Superior Images/Superior Gas Logs/Superior Vent-Free Logs,Web Images,Multi-Sided FVFM27.jpg,superior_source/Web Images/Superior Images/Superior Gas Logs/Superior Vent-Free Logs/Multi-Sided FVFM27.jpg,
WRT40 CR,/Indoor Fireplaces,Web Images,WRT40 CR.jpg,superior_source/Web Images/Indoor Fireplaces/WRT40 CR.jpg,
_WRE4800_White Herringbone_76534538,/Outdoor Fireplaces,Web Images,Superior_WRE4800_White Herringbone_76534538.jpg,superior_source/Web Images/Outdoor Fireplaces/Superior_WRE4800_White Herringbone_76534538.jpg,
VCI3032ZM,/Superior Images/Superior Inserts,Web Images,VCI3032ZM.jpg,superior_source/Web Images/Superior Images/Superior Inserts/VCI3032ZM.jpg,
DRT63ST 3,/Superior Images/Superior Fireplaces/Superior Gas Fireplaces/Superior Direct Vent Fireplaces,Web Images,DRT63ST 3.jpg,superior_source/Web Images/Superior Images/Superior Fireplaces/Superior Gas Fireplaces/Superior Direct Vent Fireplaces/DRT63ST 3.jpg,3
BRT40ST,/Superior Images/Superior Fireplaces/Superior Gas Fireplaces/Superior B-Vent Fireplaces,Web Images,BRT40ST.jpg,superior_source/Web Images/Superior Images/Superior Fireplaces/Superior Gas Fireplaces/Superior B-Vent Fireplaces/BRT40ST.jpg,
FVFM27,/Gas Logs/Vent-Free,Web Images,FVFM27.jpg,superior_source/Web Images/Gas Logs/Vent-Free/FVFM27.jpg,
VTDGT24,/Gas Logs/Vented,Web Images,VTDGT24.jpg,superior_source/Web Images/Gas Logs/Vented/VTDGT24.jpg,
LTF24MM,/Gas Logs/Vent-Free,Web Images,LTF24MM.jpg,superior_source/Web Images/Gas Logs/Vent-Free/LTF24MM.jpg,
brt40ST,Gas Fireplaces,Hi-Res Images,superior-bvfp-brt40ST-hires-1.tif,superior_source/Hi-Res Images/Gas Fireplaces/superior-bvfp-brt40ST-hires-1.tif,1
DRT63ST 1,/Superior Images/Superior Fireplaces/Superior Gas Fireplaces/Superior Direct Vent Fireplaces,Web Images,DRT63ST 1.jpg,superior_source/Web Images/Superior Images/Superior Fireplaces/Superior Gas Fireplaces/Superior Direct Vent Fireplaces/DRT63ST 1.jpg,1
DRI3030C-Contemporary-Face---Mink,/Superior Images/Superior Fireplace Accessories/Superior Fireplace Accessories/DRI3030C Accessories,Web Images,DRI3030C-Contemporary-Face---Mink.jpg,superior_source/Web Images/Superior Images/Superior Fireplace Accessories/Superior Fireplace Accessories/DRI3030C Accessories/DRI3030C-Contemporary-Face---Mink.jpg,
DRT403642 2,/Superior Images/Superior Fireplaces/Superior Gas Fireplaces/Superior Direct Vent Fireplaces,Web Images,DRT403642 2.jpg,superior_source/Web Images/Superior Images/Superior Fireplaces/Superior Gas Fireplaces/Superior Direct Vent Fireplaces/DRT403642 2.jpg,2
Mosaic Masonry Bi-Fold Door Pewter Finish Swatch,/Superior Images/Superior Fireplace Accessories/Superior Fireplace Accessories/WRT6000 Accessories,Web Images,Mosaic Masonry Bi-Fold Door Pewter Finish Swatch.jpg,superior_source/Web Images/Superior Images/Superior Fireplace Accessories/Superior Fireplace Accessories/WRT6000 Accessories/Mosaic Masonry Bi-Fold Door Pewter Finish Swatch.jpg,
BRT4000 1,/Superior Images/Superior Fireplaces/Superior Gas Fireplaces/Superior B-Vent Fireplaces,Web Images,BRT4000 1.jpg,superior_source/Web Images/Superior Images/Superior Fireplaces/Superior Gas Fireplaces/Superior B-Vent Fireplaces/BRT4000 1.jpg,1
Arch-Screen-Kit,/Superior Images/Superior Fireplace Accessories/Superior Fireplace Accessories/DRT6300 Accessories,Web Images,Arch-Screen-Kit.jpg,superior_source/Web Images/Superior Images/Superior Fireplace Accessories/Superior Fireplace Accessories/DRT6300 Accessories/Arch-Screen-Kit.jpg,
WRT6000 1,/Superior Images/Superior Fireplaces/Superior Wood Burning Fireplaces,Web Images,WRT6000 1.jpg,superior_source/Web Images/Superior Images/Superior Fireplaces/Superior Wood Burning Fireplaces/WRT6000 1.jpg,1
DRT40ST,/Superior Images/Superior Fireplaces/Superior Gas Fireplaces/Superior Direct Vent Fireplaces,Web Images,DRT40ST.jpg,superior_source/Web Images/Superior Images/Superior Fireplaces/Superior Gas Fireplaces/Superior Direct Vent Fireplaces/DRT40ST.jpg,
VCI3032ZM,/Indoor Fireplaces,Web Images,VCI3032ZM.jpg,superior_source/Web Images/Indoor Fireplaces/VCI3032ZM.jpg,
VRE6000 1,/Superior Images/Superior Outdoor Products,Web Images,VRE6000 1.jpg,superior_source/Web Images/Superior Images/Superior Outdoor Products/VRE6000 1.jpg,1
DRL6500 1,/Superior Images/Superior Fireplaces/Superior Gas Fireplaces/Superior Direct Vent Fireplaces,Web Images,DRL6500 1.jpg,superior_source/Web Images/Superior Images/Superior Fireplaces/Superior Gas Fireplaces/Superior Direct Vent Fireplaces/DRL6500 1.jpg,1
VRL4543 Decorative Face Trim Frame Aged Silver,/Superior Images/Superior Fireplace Accessories/Superior Fireplace Accessories/VRL4543 Accessories,Web Images,VRL4543 Decorative Face Trim Frame Aged Silver.jpg,superior_source/Web Images/Superior Images/Superior Fireplace Accessories/Superior Fireplace Accessories/VRL4543 Accessories/VRL4543 Decorative Face Trim Frame Aged Silver.jpg,
WRT35ST,/Indoor Fireplaces,Web Images,WRT35ST.jpg,superior_source/Web Images/Indoor Fireplaces/WRT35ST.jpg,
Mosaic Masonry Bi-Fold Door Ebony Finish Swatch,/Superior Images/Superior Fireplace Accessories/Superior Fireplace Accessories/WRE3000 Accessories,Web Images,Mosaic Masonry Bi-Fold Door Ebony Finish Swatch.jpg,superior_source/Web Images/Superior Images/Superior Fireplace Accessories/Superior Fireplace Accessories/WRE3000 Accessories/Mosaic Masonry Bi-Fold Door Ebony Finish Swatch.jpg,
vre3200,Outdoor Products,Hi-Res Images,superior-ovffp-vre3200-36-hires-1.tif,superior_source/Hi-Res Images/Outdoor Products/superior-ovffp-vre3200-36-hires-1.tif,1
vre3236,Outdoor Products,Hi-Res Images,superior-ovffp-vre3200-36-hires-1.tif,superior_source/Hi-Res Images/Outdoor Products/superior-ovffp-vre3200-36-hires-1.tif,1
Vintage-Red-Brick-Liner,/Superior Images/Superior Fireplace Accessories/Superior Fireplace Accessories/DRT3500 Accessories,Web Images,Vintage-Red-Brick-Liner.jpg,superior_source/Web Images/Superior Images/Superior Fireplace Accessories/Superior Fireplace Accessories/DRT3500 Accessories/Vintage-Red-Brick-Liner.jpg,
WRE6000 1,/Superior Images/Superior Outdoor Products,Web Images,WRE6000 1.jpg,superior_source/Web Images/Superior Images/Superior Outdoor Products/WRE6000 1.jpg,1
WRE6000 2,/Superior Images/Superior Outdoor Products,Web Images,WRE6000 2.jpg,superior_source/Web Images/Superior Images/Superior Outdoor Products/WRE6000 2.jpg,2
drl3500,Gas Fireplaces,Hi-Res Images,superior-dvfp-drl3500-45-hires-2.tif,superior_source/Hi-Res Images/Gas Fireplaces/superior-dvfp-drl3500-45-hires-2.tif,2
drl3545,Gas Fireplaces,Hi-Res Images,superior-dvfp-drl3500-45-hires-2.tif,superior_source/Hi-Res Images/Gas Fireplaces/superior-dvfp-drl3500-45-hires-2.tif,2
WRT3820 1,/Superior Images/Superior Fireplaces/Superior Wood Burning Fireplaces,Web Images,WRT3820 1.jpg,superior_source/Web Images/Superior Images/Superior Fireplaces/Superior Wood Burning Fireplaces/WRT3820 1.jpg,1
HKE24RF,/Gas Logs/Vented,Web Images,HKE24RF.jpg,superior_source/Web Images/Gas Logs/Vented/HKE24RF.jpg,
WCT4820 1,/Superior Images/Superior Fireplaces/Superior Wood Burning Fireplaces,Web Images,WCT4820 1.jpg,superior_source/Web Images/Superior Images/Superior Fireplaces/Superior Wood Burning Fireplaces/WCT4820 1.jpg,1
VRT3500 Arched Screen Door Textured Iron,/Superior Images/Superior Fireplace Accessories/Superior Fireplace Accessories/VRT3500 Accessories,Web Images,VRT3500 Arched Screen Door Textured Iron.jpg,superior_source/Web Images/Superior Images/Superior Fireplace Accessories/Superior Fireplace Accessories/VRT3500 Accessories/VRT3500 Arched Screen Door Textured Iron.jpg,
DRC2000,/Superior Images/Superior Fireplaces/Superior Gas Fireplaces/Superior Direct Vent Fireplaces,Web Images,DRC2000.jpg,superior_source/Web Images/Superior Images/Superior Fireplaces/Superior Gas Fireplaces/Superior Direct Vent Fireplaces/DRC2000.jpg,
crescenthillHD,Gas Logs,Hi-Res Images,superior-vflg-crescenthillHD-hires-1.tif,superior_source/Hi-Res Images/Gas Logs/superior-vflg-crescenthillHD-hires-1.tif,1
ERT4000 3,/Superior Images/Superior Fireplaces/Superior Electric Fireplaces,Web Images,ERT4000 3.jpg,superior_source/Web Images/Superior Images/Superior Fireplaces/Superior Electric Fireplaces/ERT4000 3.jpg,3
VRT3500 1,/Superior Images/Superior Fireplaces/Superior Gas Fireplaces/Superior Vent-Free Fireplaces,Web Images,VRT3500 1.jpg,superior_source/Web Images/Superior Images/Superior Fireplaces/Superior Gas Fireplaces/Superior Vent-Free Fireplaces/VRT3500 1.jpg,1
DRC6300 2,/Superior Images/Superior Fireplaces/Superior Gas Fireplaces/Superior Direct Vent Fireplaces,Web Images,DRC6300 2.jpg,superior_source/Web Images/Superior Images/Superior Fireplaces/Superior Gas Fireplaces/Superior Direct Vent Fireplaces/DRC6300 2.jpg,2
drl4000,Gas Fireplaces,Hi-Res Images,superior-dvfp-drl4000-60-hires-1.tif,superior_source/Hi-Res Images/Gas Fireplaces/superior-dvfp-drl4000-60-hires-1.tif,1
drl4060,Gas Fireplaces,Hi-Res Images,superior-dvfp-drl4000-60-hires-1.tif,superior_source/Hi-Res Images/Gas Fireplaces/superior-dvfp-drl4000-60-hires-1.tif,1
DRT35PF,/Superior Images/Superior Fireplaces/Superior Gas Fireplaces/Superior Direct Vent Fireplaces,Web Images,DRT35PF.jpg,superior_source/Web Images/Superior Images/Superior Fireplaces/Superior Gas Fireplaces/Superior Direct Vent Fireplaces/DRT35PF.jpg,
Mosaic Masonry Bi-Fold Door Ebony Finish Swatch,/Superior Images/Superior Fireplace Accessories/Superior Fireplace Accessories/WRT6000 Accessories,Web Images,Mosaic Masonry Bi-Fold Door Ebony Finish Swatch.jpg,superior_source/Web Images/Superior Images/Superior Fireplace Accessories/Superior Fireplace Accessories/WRT6000 Accessories/Mosaic Masonry Bi-Fold Door Ebony Finish Swatch.jpg,
VF24BTB,/Gas Logs/Vent-Free,Web Images,VF24BTB.jpg,superior_source/Web Images/Gas Logs/Vent-Free/VF24BTB.jpg,
VRE6036,/Indoor Fireplaces,Web Images,VRE6036.jpg,superior_source/Web Images/Indoor Fireplaces/VRE6036.jpg,
Stainless Steel Outdoor Weather Cover,/Superior Images/Superior Fireplace Accessories/Superior Fireplace Accessories/VRE4300 Accessories,Web Images,Stainless Steel Outdoor Weather Cover.jpg,superior_source/Web Images/Superior Images/Superior Fireplace Accessories/Superior Fireplace Accessories/VRE4300 Accessories/Stainless Steel Outdoor Weather Cover.jpg,
VRT4000 1,/Superior Images/Superior Fireplaces/Superior Gas Fireplaces/Superior Vent-Free Fireplaces,Web Images,VRT4000 1.jpg,superior_source/Web Images/Superior Images/Superior Fireplaces/Superior Gas Fireplaces/Superior Vent-Free Fireplaces/VRT4000 1.jpg,1
wxs2016,Stoves _ Inserts,Hi-Res Images,superior-wbst-wxs2016-hires-2.tif,superior_source/Hi-Res Images/Stoves _ Inserts/superior-wbst-wxs2016-hires-2.tif,2
"Remote,-Touch-Screen,-Thermostat,-On-Off",/Superior Images/Superior Fireplace Accessories/Superior Fireplace Accessories/DRT4000 Accessories,Web Images,"Remote,-Touch-Screen,-Thermostat,-On-Off.jpg","superior_source/Web Images/Superior Images/Superior Fireplace Accessories/Superior Fireplace Accessories/DRT4000 Accessories/Remote,-Touch-Screen,-Thermostat,-On-Off.jpg",
drl3500,Gas Fireplaces,Hi-Res Images,superior-dvfp-drl3500-55-hires-1.tif,superior_source/Hi-Res Images/Gas Fireplaces/superior-dvfp-drl3500-55-hires-1.tif,1
drl3555,Gas Fireplaces,Hi-Res Images,superior-dvfp-drl3500-55-hires-1.tif,superior_source/Hi-Res Images/Gas Fireplaces/superior-dvfp-drl3500-55-hires-1.tif,1
Bridgeport Oak FB,/Superior Images/Superior Gas Logs/Superior Vented Logs,Web Images,Bridgeport Oak FB.jpg,superior_source/Web Images/Superior Images/Superior Gas Logs/Superior Vented Logs/Bridgeport Oak FB.jpg,
Mosaic Masonry Bi-Fold Door Pewter Finish,/Superior Images/Superior Fireplace Accessories/Superior Fireplace Accessories/WRCT3000 Accessories,Web Images,Mosaic Masonry Bi-Fold Door Pewter Finish.jpg,superior_source/Web Images/Superior Images/Superior Fireplace Accessories/Superior Fireplace Accessories/WRCT3000 Accessories/Mosaic Masonry Bi-Fold Door Pewter Finish.jpg,
vrt3500,Gas Fireplaces,Hi-Res Images,superior-vffb-vrt3500-36-hires-1.tif,superior_source/Hi-Res Images/Gas Fireplaces/superior-vffb-vrt3500-36-hires-1.tif,1
vrt3536,Gas Fireplaces,Hi-Res Images,superior-vffb-vrt3500-36-hires-1.tif,superior_source/Hi-Res Images/Gas Fireplaces/superior-vffb-vrt3500-36-hires-1.tif,1
Vintage-Brick,/Superior Images/Superior Fireplace Accessories/Superior Fireplace Accessories/VRCT3000 Accessories,Web Images,Vintage-Brick.jpg,superior_source/Web Images/Superior Images/Superior Fireplace Accessories/Superior Fireplace Accessories/VRCT3000 Accessories/Vintage-Brick.jpg,
drl6000,Gas Fireplaces,Hi-Res Images,superior-dvfp-drl6000-60-hires-1.tif,superior_source/Hi-Res Images/Gas Fireplaces/superior-dvfp-drl6000-60-hires-1.tif,1
drl6060,Gas Fireplaces,Hi-Res Images,superior-dvfp-drl6000-60-hires-1.tif,superior_source/Hi-Res Images/Gas Fireplaces/superior-dvfp-drl6000-60-hires-1.tif,1
"Glass-Media,-Copper",/Superior Images/Superior Fireplace Accessories/Superior Fireplace Accessories/DRL6500 Accessories,Web Images,"Glass-Media,-Copper.jpg","superior_source/Web Images/Superior Images/Superior Fireplace Accessories/Superior Fireplace Accessories/DRL6500 Accessories/Glass-Media,-Copper.jpg",
DRL3000_Shareable_Print,/Indoor Fireplaces,Web Images,DRL3000_Shareable_Print.jpg,superior_source/Web Images/Indoor Fireplaces/DRL3000_Shareable_Print.jpg,
"Glass-Media,-Platinum",/Superior Images/Superior Fireplace Accessories/Superior Fireplace Accessories/DRL6500 Accessories,Web Images,"Glass-Media,-Platinum.jpg","superior_source/Web Images/Superior Images/Superior Fireplace Accessories/Superior Fireplace Accessories/DRL6500 Accessories/Glass-Media,-Platinum.jpg",
ert3000,Electric Fireplaces,Hi-Res Images,superior-elfp-ert3000-36-hires-1.tif,superior_source/Hi-Res Images/Electric Fireplaces/superior-elfp-ert3000-36-hires-1.tif,1
ert3036,Electric Fireplaces,Hi-Res Images,superior-elfp-ert3000-36-hires-1.tif,superior_source/Hi-Res Images/Electric Fireplaces/superior-elfp-ert3000-36-hires-1.tif,1
"DRL3000-42-Surround,-Black",/Superior Images/Superior Fireplace Accessories/Superior Fireplace Accessories/DRL3000 Accessories,Web Images,"DRL3000-42-Surround,-Black.jpg","superior_source/Web Images/Superior Images/Superior Fireplace Accessories/Superior Fireplace Accessories/DRL3000 Accessories/DRL3000-42-Surround,-Black.jpg",
WCT6840,/Indoor Fireplaces,Web Images,WCT6840.jpg,superior_source/Web Images/Indoor Fireplaces/WCT6840.jpg,
DRC3000 2,/Superior Images/Superior Fireplaces/Superior Gas Fireplaces/Superior Direct Vent Fireplaces,Web Images,DRC3000 2.jpg,superior_source/Web Images/Superior Images/Superior Fireplaces/Superior Gas Fireplaces/Superior Direct Vent Fireplaces/DRC3000 2.jpg,2
_WRE6800_Ivory Herringbone_3030128,/Outdoor Fireplaces,Web Images,Superior_WRE6800_Ivory Herringbone_3030128.jpg,superior_source/Web Images/Outdoor Fireplaces/Superior_WRE6800_Ivory Herringbone_3030128.jpg,
Red Herringbone Panel,/Superior Images/Superior Fireplace Accessories/Superior Fireplace Accessories/WRCT3000 Accessories,Web Images,Red Herringbone Panel.jpg,superior_source/Web Images/Superior Images/Superior Fireplace Accessories/Superior Fireplace Accessories/WRCT3000 Accessories/Red Herringbone Panel.jpg,
VFGT24,/Gas Logs/Vent-Free,Web Images,VFGT24.jpg,superior_source/Web Images/Gas Logs/Vent-Free/VFGT24.jpg,
 54_ Stainless Surround_Room,/Accessories/Decorative Surround Kits,Web Images,SUPERIOR 54_ Stainless Surround_Room.jpg,superior_source/Web Images/Accessories/Decorative Surround Kits/SUPERIOR 54_ Stainless Surround_Room.jpg,
Dark-Tint-Outdoor-Window-Kit,/Superior Images/Superior Fireplace Accessories/Superior Fireplace Accessories/DRT63ST Accessories,Web Images,Dark-Tint-Outdoor-Window-Kit.jpg,superior_source/Web Images/Superior Images/Superior Fireplace Accessories/Superior Fireplace Accessories/DRT63ST Accessories/Dark-Tint-Outdoor-Window-Kit.jpg,
wct6940,Wood Fireplaces,Hi-Res Images,superior-wbfp-wct6940-hires-1.tif,superior_source/Hi-Res Images/Wood Fireplaces/superior-wbfp-wct6940-hires-1.tif,1
wrt3920,Wood Fireplaces,Hi-Res Images,superior-wbfp-wrt3920-hires-1.tif,superior_source/Hi-Res Images/Wood Fireplaces/superior-wbfp-wrt3920-hires-1.tif,1
Mosaic Masonry Bi-Fold Door Brushed Brass Finish Swatch,/Superior Images/Superior Fireplace Accessories/Superior Fireplace Accessories/WRE3000 Accessories,Web Images,Mosaic Masonry Bi-Fold Door Brushed Brass Finish Swatch.jpg,superior_source/Web Images/Superior Images/Superior Fireplace Accessories/Superior Fireplace Accessories/WRE3000 Accessories/Mosaic Masonry Bi-Fold Door Brushed Brass Finish Swatch.jpg,
wrt4500,Wood Fireplaces,Hi-Res Images,superior-wbfp-wrt4500-42-hires-1.tif,superior_source/Hi-Res Images/Wood Fireplaces/superior-wbfp-wrt4500-42-hires-1.tif,1
wrt4542,Wood Fireplaces,Hi-Res Images,superior-wbfp-wrt4500-42-hires-1.tif,superior_source/Hi-Res Images/Wood Fireplaces/superior-wbfp-wrt4500-42-hires-1.tif,1
DRT40CL,/Superior Images/Superior Fireplaces/Superior Gas Fireplaces/Superior Direct Vent Fireplaces,Web Images,DRT40CL.jpg,superior_source/Web Images/Superior Images/Superior Fireplaces/Superior Gas Fireplaces/Superior Direct Vent Fireplaces/DRT40CL.jpg,
VCM3026,/Superior Images/Superior Fireplaces/Superior Gas Fireplaces/Superior Vent-Free Fireplaces,Web Images,VCM3026.jpg,superior_source/Web Images/Superior Images/Superior Fireplaces/Superior Gas Fireplaces/Superior Vent-Free Fireplaces/VCM3026.jpg,
DRI2530TEN,/Indoor Fireplaces,Web Images,DRI2530TEN.jpg,superior_source/Web Images/Indoor Fireplaces/DRI2530TEN.jpg,
DRL4543 3,/Superior Images/Superior Fireplaces/Superior Gas Fireplaces/Superior Direct Vent Fireplaces,Web Images,DRL4543 3.jpg,superior_source/Web Images/Superior Images/Superior Fireplaces/Superior Gas Fireplaces/Superior Direct Vent Fireplaces/DRL4543 3.jpg,3
DRT6300_Liners_DT_27278464_Print,/Indoor Fireplaces,Web Images,DRT6300_Liners_DT_27278464_Print.jpg,superior_source/Web Images/Indoor Fireplaces/DRT6300_Liners_DT_27278464_Print.jpg,
ERT3000,/Superior Images/Superior Fireplaces/Superior Electric Fireplaces,Web Images,ERT3000.jpg,superior_source/Web Images/Superior Images/Superior Fireplaces/Superior Electric Fireplaces/ERT3000.jpg,
DRI3030-Architectural-Stone-Liner,/Superior Images/Superior Fireplace Accessories/Superior Fireplace Accessories/DRI3030 Accessories,Web Images,DRI3030-Architectural-Stone-Liner.jpg,superior_source/Web Images/Superior Images/Superior Fireplace Accessories/Superior Fireplace Accessories/DRI3030 Accessories/DRI3030-Architectural-Stone-Liner.jpg,
LBG24SM,/Gas Logs/Vent-Free,Web Images,LBG24SM.jpg,superior_source/Web Images/Gas Logs/Vent-Free/LBG24SM.jpg,
VRT4000Z-VCT4000Z,/Superior Images/Superior Fireplaces/Superior Gas Fireplaces/Superior Vent-Free Fireplaces,Web Images,VRT4000Z-VCT4000Z.jpg,superior_source/Web Images/Superior Images/Superior Fireplaces/Superior Gas Fireplaces/Superior Vent-Free Fireplaces/VRT4000Z-VCT4000Z.jpg,
crescenthill,Gas Logs,Hi-Res Images,superior-vflg-crescenthill-hires-1.tif,superior_source/Hi-Res Images/Gas Logs/superior-vflg-crescenthill-hires-1.tif,1
BCT2536,/Indoor Fireplaces,Web Images,BCT2536.jpg,superior_source/Web Images/Indoor Fireplaces/BCT2536.jpg,
drt63ST,Gas Fireplaces,Hi-Res Images,superior-dvfp-drt63ST-hires-2.tif,superior_source/Hi-Res Images/Gas Fireplaces/superior-dvfp-drt63ST-hires-2.tif,2
VRT6000 1,/Superior Images/Superior Fireplaces/Superior Gas Fireplaces/Superior Vent-Free Fireplaces,Web Images,VRT6000 1.jpg,superior_source/Web Images/Superior Images/Superior Fireplaces/Superior Gas Fireplaces/Superior Vent-Free Fireplaces/VRT6000 1.jpg,1
_WRE45_White Herringbone_76534538,/Indoor Fireplaces,Web Images,Superior_WRE45_White Herringbone_76534538.jpg,superior_source/Web Images/Indoor Fireplaces/Superior_WRE45_White Herringbone_76534538.jpg,
Cast Surround Decorative Keystone,/Superior Images/Superior Fireplace Accessories/Superior Fireplace Accessories/WRT3820 Accessories,Web Images,Cast Surround Decorative Keystone.jpg,superior_source/Web Images/Superior Images/Superior Fireplace Accessories/Superior Fireplace Accessories/WRT3820 Accessories/Cast Surround Decorative Keystone.jpg,
DRT63ST,/Indoor Fireplaces,Web Images,DRT63ST.jpg,superior_source/Web Images/Indoor Fireplaces/DRT63ST.jpg,
WRT3820 2,/Superior Images/Superior Fireplaces/Superior Wood Burning Fireplaces,Web Images,WRT3820 2.jpg,superior_source/Web Images/Superior Images/Superior Fireplaces/Superior Wood Burning Fireplaces/WRT3820 2.jpg,2
"Surround-,-Black-Satin",/Superior Images/Superior Fireplace Accessories/Superior Fireplace Accessories/DRL6500 Accessories,Web Images,"Surround-,-Black-Satin.jpg","superior_source/Web Images/Superior Images/Superior Fireplace Accessories/Superior Fireplace Accessories/DRL6500 Accessories/Surround-,-Black-Satin.jpg",
WRT4500 3,/Superior Images/Superior Fireplaces/Superior Wood Burning Fireplaces,Web Images,WRT4500 3.jpg,superior_source/Web Images/Superior Images/Superior Fireplaces/Superior Wood Burning Fireplaces/WRT4500 3.jpg,3
wrt6000,Wood Fireplaces,Hi-Res Images,superior-wbfp-wrt6000-42-hires-2.tif,superior_source/Hi-Res Images/Wood Fireplaces/superior-wbfp-wrt6000-42-hires-2.tif,2
wrt6042,Wood Fireplaces,Hi-Res Images,superior-wbfp-wrt6000-42-hires-2.tif,superior_source/Hi-Res Images/Wood Fireplaces/superior-wbfp-wrt6000-42-hires-2.tif,2
Smokey Mountain LBG-SM,/Superior Images/Superior Gas Logs/Superior Vent-Free Logs,Web Images,Smokey Mountain LBG-SM.jpg,superior_source/Web Images/Superior Images/Superior Gas Logs/Superior Vent-Free Logs/Smokey Mountain LBG-SM.jpg,
WRT4820 1,/Superior Images/Superior Fireplaces/Superior Wood Burning Fireplaces,Web Images,WRT4820 1.jpg,superior_source/Web Images/Superior Images/Superior Fireplaces/Superior Wood Burning Fireplaces/WRT4820 1.jpg,1
VRE6000 3,/Superior Images/Superior Outdoor Products,Web Images,VRE6000 3.jpg,superior_source/Web Images/Superior Images/Superior Outdoor Products/VRE6000 3.jpg,3
WCT6820 Cast Iron Door,/Superior Images/Superior Fireplace Accessories/Superior Fireplace Accessories/WCT6820 Accessories,Web Images,WCT6820 Cast Iron Door.jpg,superior_source/Web Images/Superior Images/Superior Fireplace Accessories/Superior Fireplace Accessories/WCT6820 Accessories/WCT6820 Cast Iron Door.jpg,
WRE6000,/Outdoor Fireplaces,Web Images,WRE6000.jpg,superior_source/Web Images/Outdoor Fireplaces/WRE6000.jpg,
DRI3030TENC,/Superior Images/Superior Inserts,Web Images,DRI3030TENC.jpg,superior_source/Web Images/Superior Images/Superior Inserts/DRI3030TENC.jpg,
DRT4000_Shareable_Print,/Indoor Fireplaces,Web Images,DRT4000_Shareable_Print.jpg,superior_source/Web Images/Indoor Fireplaces/DRT4000_Shareable_Print.jpg,
WRT35ST,/Superior Images/Superior Fireplaces/Superior Wood Burning Fireplaces,Web Images,WRT35ST.jpg,superior_source/Web Images/Superior Images/Superior Fireplaces/Superior Wood Burning Fireplaces/WRT35ST.jpg,
DRT3500 2,/Superior Images/Superior Fireplaces/Superior Gas Fireplaces/Superior Direct Vent Fireplaces,Web Images,DRT3500 2.jpg,superior_source/Web Images/Superior Images/Superior Fireplaces/Superior Gas Fireplaces/Superior Direct Vent Fireplaces/DRT3500 2.jpg,2
WXS2021,/Superior Images/Superior Stoves,Web Images,WXS2021.jpg,superior_source/Web Images/Superior Images/Superior Stoves/WXS2021.jpg,
drc3500,Gas Fireplaces,Hi-Res Images,superior-dvfp-drc3500-40-hires-2.tif,superior_source/Hi-Res Images/Gas Fireplaces/superior-dvfp-drc3500-40-hires-2.tif,2
drc3540,Gas Fireplaces,Hi-Res Images,superior-dvfp-drc3500-40-hires-2.tif,superior_source/Hi-Res Images/Gas Fireplaces/superior-dvfp-drc3500-40-hires-2.tif,2
VTDGT24 Setting,/Gas Logs/Vented,Web Images,VTDGT24 Setting.jpg,superior_source/Web Images/Gas Logs/Vented/VTDGT24 Setting.jpg,
Mission-Style-Andiron-Kit,/Superior Images/Superior Fireplace Accessories/Superior Fireplace Accessories/DRT6300 Accessories,Web Images,Mission-Style-Andiron-Kit.jpg,superior_source/Web Images/Superior Images/Superior Fireplace Accessories/Superior Fireplace Accessories/DRT6300 Accessories/Mission-Style-Andiron-Kit.jpg,
Buff-Rustic-Liner,/Superior Images/Superior Fireplace Accessories/Superior Fireplace Accessories/DRT6300 Accessories,Web Images,Buff-Rustic-Liner.jpg,superior_source/Web Images/Superior Images/Superior Fireplace Accessories/Superior Fireplace Accessories/DRT6300 Accessories/Buff-Rustic-Liner.jpg,
wrt3920,Wood Fireplaces,Hi-Res Images,superior-wbfp-wrt3920-hires-2.tif,superior_source/Hi-Res Images/Wood Fireplaces/superior-wbfp-wrt3920-hires-2.tif,2
BRT2500 3,/Superior Images/Superior Fireplaces/Superior Gas Fireplaces/Superior B-Vent Fireplaces,Web Images,BRT2500 3.jpg,superior_source/Web Images/Superior Images/Superior Fireplaces/Superior Gas Fireplaces/Superior B-Vent Fireplaces/BRT2500 3.jpg,3
wre4500,Outdoor Products,Hi-Res Images,superior-owbfp-wre4500-42-hires-1.tif,superior_source/Hi-Res Images/Outdoor Products/superior-owbfp-wre4500-42-hires-1.tif,1
wre4542,Outdoor Products,Hi-Res Images,superior-owbfp-wre4500-42-hires-1.tif,superior_source/Hi-Res Images/Outdoor Products/superior-owbfp-wre4500-42-hires-1.tif,1
Deluxe Brushed Stainless Hood Kit and Doors,/Superior Images/Superior Fireplace Accessories/Superior Fireplace Accessories/VRE4300 Accessories,Web Images,Deluxe Brushed Stainless Hood Kit and Doors.jpg,superior_source/Web Images/Superior Images/Superior Fireplace Accessories/Superior Fireplace Accessories/VRE4300 Accessories/Deluxe Brushed Stainless Hood Kit and Doors.jpg,
DRT404045 2,/Superior Images/Superior Fireplaces/Superior Gas Fireplaces/Superior Direct Vent Fireplaces,Web Images,DRT404045 2.jpg,superior_source/Web Images/Superior Images/Superior Fireplaces/Superior Gas Fireplaces/Superior Direct Vent Fireplaces/DRT404045 2.jpg,2
Townsend Bark LVD-TB,/Superior Images/Superior Gas Logs/Superior Vent-Free Logs,Web Images,Townsend Bark LVD-TB.jpg,superior_source/Web Images/Superior Images/Superior Gas Logs/Superior Vent-Free Logs/Townsend Bark LVD-TB.jpg,
WCT6840 Black Door,/Superior Images/Superior Fireplace Accessories/Superior Fireplace Accessories/WCT6840 Accessories,Web Images,WCT6840 Black Door.jpg,superior_source/Web Images/Superior Images/Superior Fireplace Accessories/Superior Fireplace Accessories/WCT6840 Accessories/WCT6840 Black Door.jpg,
WRT4500 2,/Superior Images/Superior Fireplaces/Superior Wood Burning Fireplaces,Web Images,WRT4500 2.jpg,superior_source/Web Images/Superior Images/Superior Fireplaces/Superior Wood Burning Fireplaces/WRT4500 2.jpg,2
VRT4000,/Indoor Fireplaces,Web Images,VRT4000.jpg,superior_source/Web Images/Indoor Fireplaces/VRT4000.jpg,
"Glass-Media,-Reflective-Black",/Superior Images/Superior Fireplace Accessories/Superior Fireplace Accessories/DRL6500 Accessories,Web Images,"Glass-Media,-Reflective-Black.jpg","superior_source/Web Images/Superior Images/Superior Fireplace Accessories/Superior Fireplace Accessories/DRL6500 Accessories/Glass-Media,-Reflective-Black.jpg",
BCT2500,/Superior Images/Superior Fireplaces/Superior Gas Fireplaces/Superior B-Vent Fireplaces,Web Images,BCT2500.jpg,superior_source/Web Images/Superior Images/Superior Fireplaces/Superior Gas Fireplaces/Superior B-Vent Fireplaces/BCT2500.jpg,
vre4543,Outdoor Products,Hi-Res Images,superior-ovffp-vre4543-hires-1.tif,superior_source/Hi-Res Images/Outdoor Products/superior-ovffp-vre4543-hires-1.tif,1
_Stainless Room2,/Accessories/Decorative Surround Kits,Web Images,SUPERIOR_Stainless Room2.jpg,superior_source/Web Images/Accessories/Decorative Surround Kits/SUPERIOR_Stainless Room2.jpg,
DRT63ST 2,/Superior Images/Superior Fireplaces/Superior Gas Fireplaces/Superior Direct Vent Fireplaces,Web Images,DRT63ST 2.jpg,superior_source/Web Images/Superior Images/Superior Fireplaces/Superior Gas Fireplaces/Superior Direct Vent Fireplaces/DRT63ST 2.jpg,2
WRT3000-WCT3000 1,/Superior Images/Superior Fireplaces/Superior Wood Burning Fireplaces,Web Images,WRT3000-WCT3000 1.jpg,superior_source/Web Images/Superior Images/Superior Fireplaces/Superior Wood Burning Fireplaces/WRT3000-WCT3000 1.jpg,1
wre6000,Outdoor Products,Hi-Res Images,superior-owbfp-wre6000-36-hires-2.tif,superior_source/Hi-Res Images/Outdoor Products/superior-owbfp-wre6000-36-hires-2.tif,2
wre6036,Outdoor Products,Hi-Res Images,superior-owbfp-wre6000-36-hires-2.tif,superior_source/Hi-Res Images/Outdoor Products/superior-owbfp-wre6000-36-hires-2.tif,2
vre6000,Outdoor Products,Hi-Res Images,superior-ovffb-vre6000-42-hires-1.tif,superior_source/Hi-Res Images/Outdoor Products/superior-ovffb-vre6000-42-hires-1.tif,1
vre6042,Outdoor Products,Hi-Res Images,superior-ovffb-vre6000-42-hires-1.tif,superior_source/Hi-Res Images/Outdoor Products/superior-ovffb-vre6000-42-hires-1.tif,1
MHW36,/Superior Images/Superior Manufactured Housing,Web Images,MHW36.jpg,superior_source/Web Images/Superior Images/Superior Manufactured Housing/MHW36.jpg,
Buff-Brick-Liner,/Superior Images/Superior Fireplace Accessories/Superior Fireplace Accessories/DRT3500 Accessories,Web Images,Buff-Brick-Liner.jpg,superior_source/Web Images/Superior Images/Superior Fireplace Accessories/Superior Fireplace Accessories/DRT3500 Accessories/Buff-Brick-Liner.jpg,
DRI3030-Tan-Brick-Liner,/Superior Images/Superior Fireplace Accessories/Superior Fireplace Accessories/DRI3030 Accessories,Web Images,DRI3030-Tan-Brick-Liner.jpg,superior_source/Web Images/Superior Images/Superior Fireplace Accessories/Superior Fireplace Accessories/DRI3030 Accessories/DRI3030-Tan-Brick-Liner.jpg,
WRT40PN,/Superior Images/Superior Fireplaces/Superior Wood Burning Fireplaces,Web Images,WRT40PN.jpg,superior_source/Web Images/Superior Images/Superior Fireplaces/Superior Wood Burning Fireplaces/WRT40PN.jpg,
Classic-Style-Andiron-Kit,/Superior Images/Superior Fireplace Accessories/Superior Fireplace Accessories/DRT6300 Accessories,Web Images,Classic-Style-Andiron-Kit.jpg,superior_source/Web Images/Superior Images/Superior Fireplace Accessories/Superior Fireplace Accessories/DRT6300 Accessories/Classic-Style-Andiron-Kit.jpg,
Classic-Screen-Kit,/Superior Images/Superior Fireplace Accessories/Superior Fireplace Accessories/DRT6300 Accessories,Web Images,Classic-Screen-Kit.jpg,superior_source/Web Images/Superior Images/Superior Fireplace Accessories/Superior Fireplace Accessories/DRT6300 Accessories/Classic-Screen-Kit.jpg,
DRT30ST_Black_Shareable_Print,/Indoor Fireplaces,Web Images,DRT30ST_Black_Shareable_Print.jpg,superior_source/Web Images/Indoor Fireplaces/DRT30ST_Black_Shareable_Print.jpg,
Mosaic Masonry Bi-Fold Door Platinum Finish Swatch,/Superior Images/Superior Fireplace Accessories/Superior Fireplace Accessories/WRCT3000 Accessories,Web Images,Mosaic Masonry Bi-Fold Door Platinum Finish Swatch.jpg,superior_source/Web Images/Superior Images/Superior Fireplace Accessories/Superior Fireplace Accessories/WRCT3000 Accessories/Mosaic Masonry Bi-Fold Door Platinum Finish Swatch.jpg,
Vintage Liner,/Superior Images/Superior Fireplace Accessories/Superior Fireplace Accessories/VRT4000Z Accessories,Web Images,Vintage Liner.jpg,superior_source/Web Images/Superior Images/Superior Fireplace Accessories/Superior Fireplace Accessories/VRT4000Z Accessories/Vintage Liner.jpg,
VRT43PF-VCT43PF,/Superior Images/Superior Fireplaces/Superior Gas Fireplaces/Superior Vent-Free Fireplaces,Web Images,VRT43PF-VCT43PF.jpg,superior_source/Web Images/Superior Images/Superior Fireplaces/Superior Gas Fireplaces/Superior Vent-Free Fireplaces/VRT43PF-VCT43PF.jpg,
drt3500,Gas Fireplaces,Hi-Res Images,superior-dvfp-drt3500-40-hires-2.tif,superior_source/Hi-Res Images/Gas Fireplaces/superior-dvfp-drt3500-40-hires-2.tif,2
drt3540,Gas Fireplaces,Hi-Res Images,superior-dvfp-drt3500-40-hires-2.tif,superior_source/Hi-Res Images/Gas Fireplaces/superior-dvfp-drt3500-40-hires-2.tif,2
LBG24BM,/Gas Logs/Vent-Free,Web Images,LBG24BM.jpg,superior_source/Web Images/Gas Logs/Vent-Free/LBG24BM.jpg,
"Remote,-Simple-On-Off",/Superior Images/Superior Fireplace Accessories/Superior Fireplace Accessories/DRT4000 Accessories,Web Images,"Remote,-Simple-On-Off.jpg","superior_source/Web Images/Superior Images/Superior Fireplace Accessories/Superior Fireplace Accessories/DRT4000 Accessories/Remote,-Simple-On-Off.jpg",
VRL4543 Decorative Face Trim Frame Aged Copper,/Superior Images/Superior Fireplace Accessories/Superior Fireplace Accessories/VRL4543 Accessories,Web Images,VRL4543 Decorative Face Trim Frame Aged Copper.jpg,superior_source/Web Images/Superior Images/Superior Fireplace Accessories/Superior Fireplace Accessories/VRL4543 Accessories/VRL4543 Decorative Face Trim Frame Aged Copper.jpg,
VRT4500 2,/Superior Images/Superior Fireplaces/Superior Gas Fireplaces/Superior Vent-Free Fireplaces,Web Images,VRT4500 2.jpg,superior_source/Web Images/Superior Images/Superior Fireplaces/Superior Gas Fireplaces/Superior Vent-Free Fireplaces/VRT4500 2.jpg,2
DRL4543_SS_10582207_Print,/Indoor Fireplaces,Web Images,DRL4543_SS_10582207_Print.jpg,superior_source/Web Images/Indoor Fireplaces/DRL4543_SS_10582207_Print.jpg,
WCT6820 1,/Superior Images/Superior Fireplaces/Superior Wood Burning Fireplaces,Web Images,WCT6820 1.jpg,superior_source/Web Images/Superior Images/Superior Fireplaces/Superior Wood Burning Fireplaces/WCT6820 1.jpg,1
vrt6000,Gas Fireplaces,Hi-Res Images,superior-vffb-vrt6000-42-hires-2.tif,superior_source/Hi-Res Images/Gas Fireplaces/superior-vffb-vrt6000-42-hires-2.tif,2
vrt6042,Gas Fireplaces,Hi-Res Images,superior-vffb-vrt6000-42-hires-2.tif,superior_source/Hi-Res Images/Gas Fireplaces/superior-vffb-vrt6000-42-hires-2.tif,2
WCT6840 1,/Superior Images/Superior Fireplaces/Superior Wood Burning Fireplaces,Web Images,WCT6840 1.jpg,superior_source/Web Images/Superior Images/Superior Fireplaces/Superior Wood Burning Fireplaces/WCT6840 1.jpg,1
DRI3030-Traditional-Face-Black,/Superior Images/Superior Fireplace Accessories/Superior Fireplace Accessories/DRI3030 Accessories,Web Images,DRI3030-Traditional-Face-Black.jpg,superior_source/Web Images/Superior Images/Superior Fireplace Accessories/Superior Fireplace Accessories/DRI3030 Accessories/DRI3030-Traditional-Face-Black.jpg,
BRT2500 1,/Superior Images/Superior Fireplaces/Superior Gas Fireplaces/Superior B-Vent Fireplaces,Web Images,BRT2500 1.jpg,superior_source/Web Images/Superior Images/Superior Fireplaces/Superior Gas Fireplaces/Superior B-Vent Fireplaces/BRT2500 1.jpg,1
LVD24PP,/Gas Logs/Vent-Free,Web Images,LVD24PP.jpg,superior_source/Web Images/Gas Logs/Vent-Free/LVD24PP.jpg,
ert3027,Electric Fireplaces,Hi-Res Images,superior-elfp-ert3027-hires-1.tif,superior_source/Hi-Res Images/Electric Fireplaces/superior-elfp-ert3027-hires-1.tif,1
DRT3000 1,/Superior Images/Superior Fireplaces/Superior Gas Fireplaces/Superior Direct Vent Fireplaces,Web Images,DRT3000 1.jpg,superior_source/Web Images/Superior Images/Superior Fireplaces/Superior Gas Fireplaces/Superior Direct Vent Fireplaces/DRT3000 1.jpg,1
WRT40ST,/Superior Images/Superior Fireplaces/Superior Wood Burning Fireplaces,Web Images,WRT40ST.jpg,superior_source/Web Images/Superior Images/Superior Fireplaces/Superior Wood Burning Fireplaces/WRT40ST.jpg,
VRT43ST-VCT43ST 2,/Superior Images/Superior Fireplaces/Superior Gas Fireplaces/Superior Vent-Free Fireplaces,Web Images,VRT43ST-VCT43ST 2.jpg,superior_source/Web Images/Superior Images/Superior Fireplaces/Superior Gas Fireplaces/Superior Vent-Free Fireplaces/VRT43ST-VCT43ST 2.jpg,2
Buff-Herringbone-Liner,/Superior Images/Superior Fireplace Accessories/Superior Fireplace Accessories/DRT6300 Accessories,Web Images,Buff-Herringbone-Liner.jpg,superior_source/Web Images/Superior Images/Superior Fireplace Accessories/Superior Fireplace Accessories/DRT6300 Accessories/Buff-Herringbone-Liner.jpg,
WCT6840 Black Façade,/Superior Images/Superior Fireplace Accessories/Superior Fireplace Accessories/WCT6840 Accessories,Web Images,WCT6840 Black Façade.jpg,superior_source/Web Images/Superior Images/Superior Fireplace Accessories/Superior Fireplace Accessories/WCT6840 Accessories/WCT6840 Black Façade.jpg,
DRT2000,/Indoor Fireplaces,Web Images,DRT2000.jpg,superior_source/Web Images/Indoor Fireplaces/DRT2000.jpg,
VRT3000-VCT3000 2,/Superior Images/Superior Fireplaces/Superior Gas Fireplaces/Superior Vent-Free Fireplaces,Web Images,VRT3000-VCT3000 2.jpg,superior_source/Web Images/Superior Images/Superior Fireplaces/Superior Gas Fireplaces/Superior Vent-Free Fireplaces/VRT3000-VCT3000 2.jpg,2
BRT4000 3,/Superior Images/Superior Fireplaces/Superior Gas Fireplaces/Superior B-Vent Fireplaces,Web Images,BRT4000 3.jpg,superior_source/Web Images/Superior Images/Superior Fireplaces/Superior Gas Fireplaces/Superior B-Vent Fireplaces/BRT4000 3.jpg,3
drt4200,Gas Fireplaces,Hi-Res Images,superior-dvfp-drt4200-45-hires-1.tif,superior_source/Hi-Res Images/Gas Fireplaces/superior-dvfp-drt4200-45-hires-1.tif,1
drt4245,Gas Fireplaces,Hi-Res Images,superior-dvfp-drt4200-45-hires-1.tif,superior_source/Hi-Res Images/Gas Fireplaces/superior-dvfp-drt4200-45-hires-1.tif,1
DRL3000 1,/Superior Images/Superior Fireplaces/Superior Gas Fireplaces/Superior Direct Vent Fireplaces,Web Images,DRL3000 1.jpg,superior_source/Web Images/Superior Images/Superior Fireplaces/Superior Gas Fireplaces/Superior Direct Vent Fireplaces/DRL3000 1.jpg,1
drl6000,Gas Fireplaces,Hi-Res Images,superior-dvfp-drl6000-72-hires-1.tif,superior_source/Hi-Res Images/Gas Fireplaces/superior-dvfp-drl6000-72-hires-1.tif,1
drl6072,Gas Fireplaces,Hi-Res Images,superior-dvfp-drl6000-72-hires-1.tif,superior_source/Hi-Res Images/Gas Fireplaces/superior-dvfp-drl6000-72-hires-1.tif,1
 VRE4600,/Outdoor Fireplaces,Web Images,Superior VRE4600.jpg,superior_source/Web Images/Outdoor Fireplaces/Superior VRE4600.jpg,
DRT6300 2,/Superior Images/Superior Fireplaces/Superior Gas Fireplaces/Superior Direct Vent Fireplaces,Web Images,DRT6300 2.jpg,superior_source/Web Images/Superior Images/Superior Fireplaces/Superior Gas Fireplaces/Superior Direct Vent Fireplaces/DRT6300 2.jpg,2
WRT4820 Square Pane Black Door,/Superior Images/Superior Fireplace Accessories/Superior Fireplace Accessories/WRT4820 Accessories,Web Images,WRT4820 Square Pane Black Door.jpg,superior_source/Web Images/Superior Images/Superior Fireplace Accessories/Superior Fireplace Accessories/WRT4820 Accessories/WRT4820 Square Pane Black Door.jpg,
ruggedstack,Gas Logs,Hi-Res Images,superior-vflg-ruggedstack-hires-1.tif,superior_source/Hi-Res Images/Gas Logs/superior-vflg-ruggedstack-hires-1.tif,1
VF 1824 BTB,/Superior Images/Superior Gas Logs/Superior Vent-Free Logs,Web Images,VF 1824 BTB.jpg,superior_source/Web Images/Superior Images/Superior Gas Logs/Superior Vent-Free Logs/VF 1824 BTB.jpg,
DRT3000 2,/Superior Images/Superior Fireplaces/Superior Gas Fireplaces/Superior Direct Vent Fireplaces,Web Images,DRT3000 2.jpg,superior_source/Web Images/Superior Images/Superior Fireplaces/Superior Gas Fireplaces/Superior Direct Vent Fireplaces/DRT3000 2.jpg,2
multisided,Gas Logs,Hi-Res Images,superior-vflg-multisided-hires-1.tif,superior_source/Hi-Res Images/Gas Logs/superior-vflg-multisided-hires-1.tif,1
DRT30PF_Liner_GT_152494941_Print,/Indoor Fireplaces,Web Images,DRT30PF_Liner_GT_152494941_Print.jpg,superior_source/Web Images/Indoor Fireplaces/DRT30PF_Liner_GT_152494941_Print.jpg,
_WRT3800_White Stacked Brick,/Indoor Fireplaces,Web Images,Superior_WRT3800_White Stacked Brick.jpg,superior_source/Web Images/Indoor Fireplaces/Superior_WRT3800_White Stacked Brick.jpg,
WRT6000 2,/Superior Images/Superior Fireplaces/Superior Wood Burning Fireplaces,Web Images,WRT6000 2.jpg,superior_source/Web Images/Superior Images/Superior Fireplaces/Superior Wood Burning Fireplaces/WRT6000 2.jpg,2
drt4000,Gas Fireplaces,Hi-Res Images,superior-dvfp-drt4000-40-hires-2.tif,superior_source/Hi-Res Images/Gas Fireplaces/superior-dvfp-drt4000-40-hires-2.tif,2
drt4040,Gas Fireplaces,Hi-Res Images,superior-dvfp-drt4000-40-hires-2.tif,superior_source/Hi-Res Images/Gas Fireplaces/superior-dvfp-drt4000-40-hires-2.tif,2
WRE4500 2,/Superior Images/Superior Outdoor Products,Web Images,WRE4500 2.jpg,superior_source/Web Images/Superior Images/Superior Outdoor Products/WRE4500 2.jpg,2
Arlington Oak FSLR,/Superior Images/Superior Gas Logs/Superior Vented Logs,Web Images,Arlington Oak FSLR.jpg,superior_source/Web Images/Superior Images/Superior Gas Logs/Superior Vented Logs/Arlington Oak FSLR.jpg,
WRT6000,/Indoor Fireplaces,Web Images,WRT6000.jpg,superior_source/Web Images/Indoor Fireplaces/WRT6000.jpg,
HCM24RF,/Gas Logs/Vented,Web Images,HCM24RF.jpg,superior_source/Web Images/Gas Logs/Vented/HCM24RF.jpg,
VRE4300 1,/Superior Images/Superior Outdoor Products,Web Images,VRE4300 1.jpg,superior_source/Web Images/Superior Images/Superior Outdoor Products/VRE4300 1.jpg,1
Boulder Mountain LBG-BM,/Superior Images/Superior Gas Logs/Superior Vent-Free Logs,Web Images,Boulder Mountain LBG-BM.jpg,superior_source/Web Images/Superior Images/Superior Gas Logs/Superior Vent-Free Logs/Boulder Mountain LBG-BM.jpg,
WRT3042,/Indoor Fireplaces,Web Images,WRT3042.jpg,superior_source/Web Images/Indoor Fireplaces/WRT3042.jpg,
wre6000,Outdoor Products,Hi-Res Images,superior-owbfp-wre6000-36-hires-1.tif,superior_source/Hi-Res Images/Outdoor Products/superior-owbfp-wre6000-36-hires-1.tif,1
wre6036,Outdoor Products,Hi-Res Images,superior-owbfp-wre6000-36-hires-1.tif,superior_source/Hi-Res Images/Outdoor Products/superior-owbfp-wre6000-36-hires-1.tif,1
vrt3100,Gas Fireplaces,Hi-Res Images,superior-vffb-vrt3100-36-hires-1.tif,superior_source/Hi-Res Images/Gas Fireplaces/superior-vffb-vrt3100-36-hires-1.tif,1
vrt3136,Gas Fireplaces,Hi-Res Images,superior-vffb-vrt3100-36-hires-1.tif,superior_source/Hi-Res Images/Gas Fireplaces/superior-vffb-vrt3100-36-hires-1.tif,1
Mosaic Masonry Bi-Fold Door Ebony Finish,/Superior Images/Superior Fireplace Accessories/Superior Fireplace Accessories/WRCT3000 Accessories,Web Images,Mosaic Masonry Bi-Fold Door Ebony Finish.jpg,superior_source/Web Images/Superior Images/Superior Fireplace Accessories/Superior Fireplace Accessories/WRCT3000 Accessories/Mosaic Masonry Bi-Fold Door Ebony Finish.jpg,
gianttimbersOD,Gas Logs,Hi-Res Images,superior-vflg-gianttimbersOD-hires-2.tif,superior_source/Hi-Res Images/Gas Logs/superior-vflg-gianttimbersOD-hires-2.tif,2
Red Stacked Panel,/Superior Images/Superior Fireplace Accessories/Superior Fireplace Accessories/WRCT3000 Accessories,Web Images,Red Stacked Panel.jpg,superior_source/Web Images/Superior Images/Superior Fireplace Accessories/Superior Fireplace Accessories/WRCT3000 Accessories/Red Stacked Panel.jpg,
Mosaic Masonry Bi-Fold Door Ebony Finish Swatch,/Superior Images/Superior Fireplace Accessories/Superior Fireplace Accessories/WRCT3000 Accessories,Web Images,Mosaic Masonry Bi-Fold Door Ebony Finish Swatch.jpg,superior_source/Web Images/Superior Images/Superior Fireplace Accessories/Superior Fireplace Accessories/WRCT3000 Accessories/Mosaic Masonry Bi-Fold Door Ebony Finish Swatch.jpg,
"DRL3000-42-Surround,-Stainless-Matte",/Superior Images/Superior Fireplace Accessories/Superior Fireplace Accessories/DRL3000 Accessories,Web Images,"DRL3000-42-Surround,-Stainless-Matte.jpg","superior_source/Web Images/Superior Images/Superior Fireplace Accessories/Superior Fireplace Accessories/DRL3000 Accessories/DRL3000-42-Surround,-Stainless-Matte.jpg",
drl2000,Gas Fireplaces,Hi-Res Images,superior-dvfp-drl2000-55-hires-1.tif,superior_source/Hi-Res Images/Gas Fireplaces/superior-dvfp-drl2000-55-hires-1.tif,1
drl2055,Gas Fireplaces,Hi-Res Images,superior-dvfp-drl2000-55-hires-1.tif,superior_source/Hi-Res Images/Gas Fireplaces/superior-dvfp-drl2000-55-hires-1.tif,1
gianttimbersOD,Gas Logs,Hi-Res Images,superior-vflg-gianttimbersOD-hires-1.tif,superior_source/Hi-Res Images/Gas Logs/superior-vflg-gianttimbersOD-hires-1.tif,1
VRT2536 MH,/Superior Images/Superior Manufactured Housing,Web Images,VRT2536 MH.jpg,superior_source/Web Images/Superior Images/Superior Manufactured Housing/VRT2536 MH.jpg,
WCT4820 Contemporary Arch Shape Door Black,/Superior Images/Superior Fireplace Accessories/Superior Fireplace Accessories/WCT4820 Accessories,Web Images,WCT4820 Contemporary Arch Shape Door Black.jpg,superior_source/Web Images/Superior Images/Superior Fireplace Accessories/Superior Fireplace Accessories/WCT4820 Accessories/WCT4820 Contemporary Arch Shape Door Black.jpg,
drt2000,Gas Fireplaces,Hi-Res Images,superior-dvfp-drt2000-35-hires-1.tif,superior_source/Hi-Res Images/Gas Fireplaces/superior-dvfp-drt2000-35-hires-1.tif,1
drt2035,Gas Fireplaces,Hi-Res Images,superior-dvfp-drt2000-35-hires-1.tif,superior_source/Hi-Res Images/Gas Fireplaces/superior-dvfp-drt2000-35-hires-1.tif,1
CIS BV,/Superior Images/Superior Stoves,Web Images,CIS BV.jpg,superior_source/Web Images/Superior Images/Superior Stoves/CIS BV.jpg,
drl6000ST,Gas Fireplaces,Hi-Res Images,superior-dvfp-drl6000ST-60-hires-1.tif,superior_source/Hi-Res Images/Gas Fireplaces/superior-dvfp-drl6000ST-60-hires-1.tif,1
drl6060ST,Gas Fireplaces,Hi-Res Images,superior-dvfp-drl6000ST-60-hires-1.tif,superior_source/Hi-Res Images/Gas Fireplaces/superior-dvfp-drl6000ST-60-hires-1.tif,1
WRT4826 1,/Superior Images/Superior Fireplaces/Superior Wood Burning Fireplaces,Web Images,WRT4826 1.jpg,superior_source/Web Images/Superior Images/Superior Fireplaces/Superior Wood Burning Fireplaces/WRT4826 1.jpg,1
Mosaic Masonry Bi-Fold Door Pewter Finish,/Superior Images/Superior Fireplace Accessories/Superior Fireplace Accessories/WRE3000 Accessories,Web Images,Mosaic Masonry Bi-Fold Door Pewter Finish.jpg,superior_source/Web Images/Superior Images/Superior Fireplace Accessories/Superior Fireplace Accessories/WRE3000 Accessories/Mosaic Masonry Bi-Fold Door Pewter Finish.jpg,
drt2033,Gas Fireplaces,Hi-Res Images,superior-dvfp-drt2033-hires-1.tif,superior_source/Hi-Res Images/Gas Fireplaces/superior-dvfp-drt2033-hires-1.tif,1
ert3000,Electric Fireplaces,Hi-Res Images,superior-elfp-ert3000-33-hires-1.tif,superior_source/Hi-Res Images/Electric Fireplaces/superior-elfp-ert3000-33-hires-1.tif,1
ert3033,Electric Fireplaces,Hi-Res Images,superior-elfp-ert3000-33-hires-1.tif,superior_source/Hi-Res Images/Electric Fireplaces/superior-elfp-ert3000-33-hires-1.tif,1
"Glass-Media,-Goldfinger",/Superior Images/Superior Fireplace Accessories/Superior Fireplace Accessories/DRL6500 Accessories,Web Images,"Glass-Media,-Goldfinger.jpg","superior_source/Web Images/Superior Images/Superior Fireplace Accessories/Superior Fireplace Accessories/DRL6500 Accessories/Glass-Media,-Goldfinger.jpg",
DRT3500 1,/Superior Images/Superior Fireplaces/Superior Gas Fireplaces/Superior Direct Vent Fireplaces,Web Images,DRT3500 1.jpg,superior_source/Web Images/Superior Images/Superior Fireplaces/Superior Gas Fireplaces/Superior Direct Vent Fireplaces/DRT3500 1.jpg,1
vrt4500,Gas Fireplaces,Hi-Res Images,superior-vffb-vrt4500-42-hires-1.tif,superior_source/Hi-Res Images/Gas Fireplaces/superior-vffb-vrt4500-42-hires-1.tif,1
vrt4542,Gas Fireplaces,Hi-Res Images,superior-vffb-vrt4500-42-hires-1.tif,superior_source/Hi-Res Images/Gas Fireplaces/superior-vffb-vrt4500-42-hires-1.tif,1
VillaVista_grills,/Superior Images/Superior Fireplace Accessories/Superior Fireplace Accessories/WRT4826 Accessories,Web Images,VillaVista_grills.jpg,superior_source/Web Images/Superior Images/Superior Fireplace Accessories/Superior Fireplace Accessories/WRT4826 Accessories/VillaVista_grills.jpg,
WRT40CR,/Superior Images/Superior Fireplaces/Superior Wood Burning Fireplaces,Web Images,WRT40CR.jpg,superior_source/Web Images/Superior Images/Superior Fireplaces/Superior Wood Burning Fireplaces/WRT40CR.jpg,
vrl4543,Gas Fireplaces,Hi-Res Images,superior-vffp-vrl4543-hires-1.tif,superior_source/Hi-Res Images/Gas Fireplaces/superior-vffp-vrl4543-hires-1.tif,1
LVD24CH,/Gas Logs/Vent-Free,Web Images,LVD24CH.jpg,superior_source/Web Images/Gas Logs/Vent-Free/LVD24CH.jpg,
DRT6300 1,/Superior Images/Superior Fireplaces/Superior Gas Fireplaces/Superior Direct Vent Fireplaces,Web Images,DRT6300 1.jpg,superior_source/Web Images/Superior Images/Superior Fireplaces/Superior Gas Fireplaces/Superior Direct Vent Fireplaces/DRT6300 1.jpg,1
VRE4300 2,/Superior Images/Superior Outdoor Products,Web Images,VRE4300 2.jpg,superior_source/Web Images/Superior Images/Superior Outdoor Products/VRE4300 2.jpg,2
DRT40PF_Liner_GT_152494941_Print,/Indoor Fireplaces,Web Images,DRT40PF_Liner_GT_152494941_Print.jpg,superior_source/Web Images/Indoor Fireplaces/DRT40PF_Liner_GT_152494941_Print.jpg,
drt400ST,Gas Fireplaces,Hi-Res Images,superior-dvfp-drt400ST-40-hires-1.tif,superior_source/Hi-Res Images/Gas Fireplaces/superior-dvfp-drt400ST-40-hires-1.tif,1
drt440ST,Gas Fireplaces,Hi-Res Images,superior-dvfp-drt400ST-40-hires-1.tif,superior_source/Hi-Res Images/Gas Fireplaces/superior-dvfp-drt400ST-40-hires-1.tif,1
vcm3026,Gas Fireplaces,Hi-Res Images,superior-vffp-vcm3026-hires-1.tif,superior_source/Hi-Res Images/Gas Fireplaces/superior-vffp-vcm3026-hires-1.tif,1
CIS VF,/Superior Images/Superior Stoves,Web Images,CIS VF.jpg,superior_source/Web Images/Superior Images/Superior Stoves/CIS VF.jpg,
Vintage Oak LVS-VO,/Superior Images/Superior Gas Logs/Superior Vent-Free Logs,Web Images,Vintage Oak LVS-VO.jpg,superior_source/Web Images/Superior Images/Superior Gas Logs/Superior Vent-Free Logs/Vintage Oak LVS-VO.jpg,
drt6300,Gas Fireplaces,Hi-Res Images,superior-dvfp-drt6300-40-hires-1.tif,superior_source/Hi-Res Images/Gas Fireplaces/superior-dvfp-drt6300-40-hires-1.tif,1
drt6340,Gas Fireplaces,Hi-Res Images,superior-dvfp-drt6300-40-hires-1.tif,superior_source/Hi-Res Images/Gas Fireplaces/superior-dvfp-drt6300-40-hires-1.tif,1
drt3500,Gas Fireplaces,Hi-Res Images,superior-dvfp-drt3500-40-hires-1.tif,superior_source/Hi-Res Images/Gas Fireplaces/superior-dvfp-drt3500-40-hires-1.tif,1
drt3540,Gas Fireplaces,Hi-Res Images,superior-dvfp-drt3500-40-hires-1.tif,superior_source/Hi-Res Images/Gas Fireplaces/superior-dvfp-drt3500-40-hires-1.tif,1
VRE6000 2,/Superior Images/Superior Outdoor Products,Web Images,VRE6000 2.jpg,superior_source/Web Images/Superior Images/Superior Outdoor Products/VRE6000 2.jpg,2
VRT2536,/Superior Images/Superior Fireplaces/Superior Gas Fireplaces/Superior Vent-Free Fireplaces,Web Images,VRT2536.jpg,superior_source/Web Images/Superior Images/Superior Fireplaces/Superior Gas Fireplaces/Superior Vent-Free Fireplaces/VRT2536.jpg,
BRT2500 2,/Superior Images/Superior Fireplaces/Superior Gas Fireplaces/Superior B-Vent Fireplaces,Web Images,BRT2500 2.jpg,superior_source/Web Images/Superior Images/Superior Fireplaces/Superior Gas Fireplaces/Superior B-Vent Fireplaces/BRT2500 2.jpg,2
VRT43ST,/Indoor Fireplaces,Web Images,VRT43ST.jpg,superior_source/Web Images/Indoor Fireplaces/VRT43ST.jpg,
vrt3200,Gas Fireplaces,Hi-Res Images,superior-vffb-vrt3200-32-hires-1.tif,superior_source/Hi-Res Images/Gas Fireplaces/superior-vffb-vrt3200-32-hires-1.tif,1
vrt3232,Gas Fireplaces,Hi-Res Images,superior-vffb-vrt3200-32-hires-1.tif,superior_source/Hi-Res Images/Gas Fireplaces/superior-vffb-vrt3200-32-hires-1.tif,1
Round Top Wood Nook,/Indoor Fireplaces,Web Images,Round Top Wood Nook.jpg,superior_source/Web Images/Indoor Fireplaces/Round Top Wood Nook.jpg,
BRT4000 2,/Superior Images/Superior Fireplaces/Superior Gas Fireplaces/Superior B-Vent Fireplaces,Web Images,BRT4000 2.jpg,superior_source/Web Images/Superior Images/Superior Fireplaces/Superior Gas Fireplaces/Superior B-Vent Fireplaces/BRT4000 2.jpg,2
FMLR24,/Gas Logs/Vented,Web Images,FMLR24.jpg,superior_source/Web Images/Gas Logs/Vented/FMLR24.jpg,
Dual-Arch-Screen-Kit,/Superior Images/Superior Fireplace Accessories/Superior Fireplace Accessories/DRT6300 Accessories,Web Images,Dual-Arch-Screen-Kit.jpg,superior_source/Web Images/Superior Images/Superior Fireplace Accessories/Superior Fireplace Accessories/DRT6300 Accessories/Dual-Arch-Screen-Kit.jpg,
VRT6000,/Indoor Fireplaces,Web Images,VRT6000.jpg,superior_source/Web Images/Indoor Fireplaces/VRT6000.jpg,
ERT4000 2,/Superior Images/Superior Fireplaces/Superior Electric Fireplaces,Web Images,ERT4000 2.jpg,superior_source/Web Images/Superior Images/Superior Fireplaces/Superior Electric Fireplaces/ERT4000 2.jpg,2
DRL4000 ROOM New Room 2019,/Indoor Fireplaces,Web Images,DRL4000 ROOM New Room 2019.jpg,superior_source/Web Images/Indoor Fireplaces/DRL4000 ROOM New Room 2019.jpg,
wct2000,Wood Fireplaces,Hi-Res Images,superior-wbfp-wct2000-36-hires-1.tif,superior_source/Hi-Res Images/Wood Fireplaces/superior-wbfp-wct2000-36-hires-1.tif,1
wct2036,Wood Fireplaces,Hi-Res Images,superior-wbfp-wct2000-36-hires-1.tif,superior_source/Hi-Res Images/Wood Fireplaces/superior-wbfp-wct2000-36-hires-1.tif,1
ERT4000,/Superior Images/Superior Fireplaces/Superior Electric Fireplaces,Web Images,ERT4000.jpg,superior_source/Web Images/Superior Images/Superior Fireplaces/Superior Electric Fireplaces/ERT4000.jpg,
dri2000,Stoves _ Inserts,Hi-Res Images,superior-dvin-dri2000-27-hires-1.tif,superior_source/Hi-Res Images/Stoves _ Inserts/superior-dvin-dri2000-27-hires-1.tif,1
dri2027,Stoves _ Inserts,Hi-Res Images,superior-dvin-dri2000-27-hires-1.tif,superior_source/Hi-Res Images/Stoves _ Inserts/superior-dvin-dri2000-27-hires-1.tif,1
ERT3027,/Superior Images/Superior Fireplaces/Superior Electric Fireplaces,Web Images,ERT3027.jpg,superior_source/Web Images/Superior Images/Superior Fireplaces/Superior Electric Fireplaces/ERT3027.jpg,
DRC3000 1,/Superior Images/Superior Fireplaces/Superior Gas Fireplaces/Superior Direct Vent Fireplaces,Web Images,DRC3000 1.jpg,superior_source/Web Images/Superior Images/Superior Fireplaces/Superior Gas Fireplaces/Superior Direct Vent Fireplaces/DRC3000 1.jpg,1
VRE4000 1,/Superior Images/Superior Outdoor Products,Web Images,VRE4000 1.jpg,superior_source/Web Images/Superior Images/Superior Outdoor Products/VRE4000 1.jpg,1
DRL4543 2,/Superior Images/Superior Fireplaces/Superior Gas Fireplaces/Superior Direct Vent Fireplaces,Web Images,DRL4543 2.jpg,superior_source/Web Images/Superior Images/Superior Fireplaces/Superior Gas Fireplaces/Superior Direct Vent Fireplaces/DRL4543 2.jpg,2
_WRE3800_Warm Red Stacked Brick_32351851,/Outdoor Fireplaces,Web Images,Superior_WRE3800_Warm Red Stacked Brick_32351851.jpg,superior_source/Web Images/Outdoor Fireplaces/Superior_WRE3800_Warm Red Stacked Brick_32351851.jpg,
WCT4820 2,/Superior Images/Superior Fireplaces/Superior Wood Burning Fireplaces,Web Images,WCT4820 2.jpg,superior_source/Web Images/Superior Images/Superior Fireplaces/Superior Wood Burning Fireplaces/WCT4820 2.jpg,2
VRE3000,/Superior Images/Superior Outdoor Products,Web Images,VRE3000.jpg,superior_source/Web Images/Superior Images/Superior Outdoor Products/VRE3000.jpg,
vrt4000z,Gas Fireplaces,Hi-Res Images,superior-vffp-vrt4000z-32-hires-1.tif,superior_source/Hi-Res Images/Gas Fireplaces/superior-vffp-vrt4000z-32-hires-1.tif,1
vrt4032z,Gas Fireplaces,Hi-Res Images,superior-vffp-vrt4000z-32-hires-1.tif,superior_source/Hi-Res Images/Gas Fireplaces/superior-vffp-vrt4000z-32-hires-1.tif,1
wrt3500,Wood Fireplaces,Hi-Res Images,superior-wbfp-wrt3500-38-hires-1.tif,superior_source/Hi-Res Images/Wood Fireplaces/superior-wbfp-wrt3500-38-hires-1.tif,1
wrt3538,Wood Fireplaces,Hi-Res Images,superior-wbfp-wrt3500-38-hires-1.tif,superior_source/Hi-Res Images/Wood Fireplaces/superior-wbfp-wrt3500-38-hires-1.tif,1
DRC2000,/Indoor Fireplaces,Web Images,DRC2000.jpg,superior_source/Web Images/Indoor Fireplaces/DRC2000.jpg,
drc2000,Gas Fireplaces,Hi-Res Images,superior-dvfp-drc2000-35-hires-1.tif,superior_source/Hi-Res Images/Gas Fireplaces/superior-dvfp-drc2000-35-hires-1.tif,1
drc2035,Gas Fireplaces,Hi-Res Images,superior-dvfp-drc2000-35-hires-1.tif,superior_source/Hi-Res Images/Gas Fireplaces/superior-dvfp-drc2000-35-hires-1.tif,1
Giant Timbers LMF-GT,/Superior Images/Superior Gas Logs/Superior Vent-Free Logs,Web Images,Giant Timbers LMF-GT.jpg,superior_source/Web Images/Superior Images/Superior Gas Logs/Superior Vent-Free Logs/Giant Timbers LMF-GT.jpg,
WRT2000-WCT2000 2,/Superior Images/Superior Fireplaces/Superior Wood Burning Fireplaces,Web Images,WRT2000-WCT2000 2.jpg,superior_source/Web Images/Superior Images/Superior Fireplaces/Superior Wood Burning Fireplaces/WRT2000-WCT2000 2.jpg,2
mossyoakOD,Gas Logs,Hi-Res Images,superior-vflg-mossyoakOD-hires-1.tif,superior_source/Hi-Res Images/Gas Logs/superior-vflg-mossyoakOD-hires-1.tif,1
DRL4543 1,/Superior Images/Superior Fireplaces/Superior Gas Fireplaces/Superior Direct Vent Fireplaces,Web Images,DRL4543 1.jpg,superior_source/Web Images/Superior Images/Superior Fireplaces/Superior Gas Fireplaces/Superior Direct Vent Fireplaces/DRL4543 1.jpg,1
HCA24RF,/Gas Logs/Vented,Web Images,HCA24RF.jpg,superior_source/Web Images/Gas Logs/Vented/HCA24RF.jpg,
Arched Wood Nook,/Superior Images/Superior Fireplace Accessories/Superior Fireplace Accessories/WRT6000 Accessories,Web Images,Arched Wood Nook.jpg,superior_source/Web Images/Superior Images/Superior Fireplace Accessories/Superior Fireplace Accessories/WRT6000 Accessories/Arched Wood Nook.jpg,
WRT4820WS,/Indoor Fireplaces,Web Images,WRT4820WS.jpg,superior_source/Web Images/Indoor Fireplaces/WRT4820WS.jpg,
Appalachian Oak FA,/Superior Images/Superior Gas Logs/Superior Vented Logs,Web Images,Appalachian Oak FA.jpg,superior_source/Web Images/Superior Images/Superior Gas Logs/Superior Vented Logs/Appalachian Oak FA.jpg,
drl4543ST,Gas Fireplaces,Hi-Res Images,superior-dvfp-drl4543ST-hires-1.tif,superior_source/Hi-Res Images/Gas Fireplaces/superior-dvfp-drl4543ST-hires-1.tif,1
LVD24GO,/Gas Logs/Vent-Free,Web Images,LVD24GO.jpg,superior_source/Web Images/Gas Logs/Vent-Free/LVD24GO.jpg,
vre4500,Outdoor Products,Hi-Res Images,superior-ovffp-vre4500-42-hires-1.tif,superior_source/Hi-Res Images/Outdoor Products/superior-ovffp-vre4500-42-hires-1.tif,1
vre4542,Outdoor Products,Hi-Res Images,superior-ovffp-vre4500-42-hires-1.tif,superior_source/Hi-Res Images/Outdoor Products/superior-ovffp-vre4500-42-hires-1.tif,1
VRE6000,/Outdoor Fireplaces,Web Images,VRE6000.jpg,superior_source/Web Images/Outdoor Fireplaces/VRE6000.jpg,
VRE3000,/Outdoor Fireplaces,Web Images,VRE3000.jpg,superior_source/Web Images/Outdoor Fireplaces/VRE3000.jpg,
VRE4500 1,/Superior Images/Superior Outdoor Products,Web Images,VRE4500 1.jpg,superior_source/Web Images/Superior Images/Superior Outdoor Products/VRE4500 1.jpg,1
wre3000,Outdoor Products,Hi-Res Images,superior-owbfp-wre3000-36-hires-1.tif,superior_source/Hi-Res Images/Outdoor Products/superior-owbfp-wre3000-36-hires-1.tif,1
wre3036,Outdoor Products,Hi-Res Images,superior-owbfp-wre3000-36-hires-1.tif,superior_source/Hi-Res Images/Outdoor Products/superior-owbfp-wre3000-36-hires-1.tif,1
drc6300,Gas Fireplaces,Hi-Res Images,superior-dvfp-drc6300-40-hires-1.tif,superior_source/Hi-Res Images/Gas Fireplaces/superior-dvfp-drc6300-40-hires-1.tif,1
drc6340,Gas Fireplaces,Hi-Res Images,superior-dvfp-drc6300-40-hires-1.tif,superior_source/Hi-Res Images/Gas Fireplaces/superior-dvfp-drc6300-40-hires-1.tif,1
brt4000,Gas Fireplaces,Hi-Res Images,superior-bvfp-brt4000-4536-hires-1.tif,superior_source/Hi-Res Images/Gas Fireplaces/superior-bvfp-brt4000-4536-hires-1.tif,1
brt4536,Gas Fireplaces,Hi-Res Images,superior-bvfp-brt4000-4536-hires-1.tif,superior_source/Hi-Res Images/Gas Fireplaces/superior-bvfp-brt4000-4536-hires-1.tif,1
